name,Tx_500,Tx_500-,Tx_500+,Lx52_500,Lx52_500-,Lx52_500+,Lxbol_500,Lxbol_500-,Lxbol_500+,Tx_500ce,Tx_500ce-,Tx_500ce+,Lx52_500ce,Lx52_500ce-,Lx52_500ce+,Lxbol_500ce,Lxbol_500ce-,Lxbol_500ce+,Tx_500wl,Tx_500wl-,Tx_500wl+,Lx52_500wl,Lx52_500wl-,Lx52_500wl+,Lxbol_500wl,Lxbol_500wl-,Lxbol_500wl+,Tx_500wlce,Tx_500wlce-,Tx_500wlce+,Lx52_500wlce,Lx52_500wlce-,Lx52_500wlce+,Lxbol_500wlce,Lxbol_500wlce-,Lxbol_500wlce+
Abell2697,7.01871,0.1234223989999998,0.12379373,4.661682687e+44,2.5624159326180503e+42,2.6563573337057903e+42,1.7984137170000003e+45,1.4282836672637662e+43,1.398053941365968e+43,6.97588,0.1710135890000002,0.1684135160000002,3.1491972920000004e+44,2.92641183273064e+42,2.5660460497556802e+42,1.2096987600000001e+45,1.6905355790602113e+43,1.727886624901232e+43,6.98889,0.1236218629999994,0.1241722870000003,4.635625944e+44,2.7917060872405105e+42,3.47848041047275e+42,1.783877101e+45,1.4123687250883642e+43,1.790656751209211e+43,6.9397,0.1726884780000004,0.1673231749999999,3.1495115420000003e+44,2.4335344803405502e+42,2.4883716222567303e+42,1.2063790390000001e+45,1.38181855765468e+43,1.2545154020503673e+43
Abell0068,7.32519,0.1926928239999998,0.1904899879999995,4.150675149e+44,2.97794022524726e+42,3.632381119336671e+42,1.635794747e+45,1.7928986061809762e+43,2.2879830024251494e+43,6.8667,0.2335134999999999,0.2517890340000006,2.668871699e+44,3.39031505636619e+42,3.322147047030681e+42,1.0175796500000002e+45,2.129524342796148e+43,1.8812939645152032e+43,7.51921,0.1857137619999997,0.1932315679999998,3.984986552e+44,3.1862331009618104e+42,4.1385809674100205e+42,1.588076016e+45,1.8114249576154592e+43,2.0890872982491523e+43,7.35102,0.2638221070000002,0.2526811970000002,2.710065577e+44,2.7255449319006503e+42,2.80077845767262e+42,1.0653395500000002e+45,1.653298042137563e+43,1.5720614881045813e+43
Abell2813,7.00377,0.1423327009999999,0.1427598599999999,5.139554402e+44,5.234534669143811e+42,6.290033145376871e+42,1.9856951250000004e+45,2.230968670316723e+43,2.720240242112317e+43,6.79421,0.1755764329999998,0.1791462020000001,3.4119782800000005e+44,5.069242240281461e+42,5.697474700479091e+42,1.2952954310000001e+45,2.4838743843452703e+43,1.96581367677208e+43,7.06942,0.1449354999999998,0.1453858060000001,5.2239979690000004e+44,6.18408562706037e+42,6.828880426786491e+42,2.026727695e+45,2.551077905480164e+43,2.77921626779444e+43,6.83016,0.1838062489999998,0.1988757319999994,3.3762914340000005e+44,4.0653654341533704e+42,6.854008003448411e+42,1.2839406580000001e+45,2.3841324627987055e+43,2.9870496554785593e+43
Abell0115S,5.88177,0.1188634720000001,0.119463176,2.42503636e+44,1.6662372437982802e+42,1.7166751932443702e+42,8.536056558000001e+44,8.256294207607261e+42,8.859149507758731e+42,5.88767,0.1265917249999999,0.1269914029999999,2.194252922e+44,2.07017260723519e+42,1.8081458984839104e+42,7.735290345000001e+44,1.0327917993441561e+43,1.0825253253703331e+43,6.01474,0.1117950859999998,0.1261075170000003,2.784066694e+44,1.90818479934024e+42,1.7747146513964002e+42,9.935177007000001e+44,9.863573978417452e+42,1.1683451392339641e+43,6.08045,0.1334050900000001,0.1532900560000003,2.4269673930000003e+44,1.71434619751264e+42,1.7331289478670203e+42,8.715254633000002e+44,9.11597474436786e+42,8.993060870721701e+42
Abell141,5.81341,0.1357010890000003,0.1250489999999997,3.6795744830000005e+44,2.68893220421247e+42,2.5983468051754102e+42,1.2911398950000001e+45,1.356398436401296e+43,1.3342456374444972e+43,5.71599,0.1215858540000001,0.1536615399999998,3.3395757640000005e+44,3.0957743303491104e+42,2.89871689306858e+42,1.1626129540000002e+45,1.6526055057662242e+43,1.593879772557739e+43,nan,nan,nan,nan,nan,nan,nan,nan,nan,nan,nan,nan,nan,nan,nan,nan,nan,nan
ZwCl0104.4+0048,3.11124,0.0386612699999999,0.0387508599999999,3.921749619e+44,2.7318982633835802e+42,3.0194740337677506e+42,1.029118782e+45,6.74079508965758e+42,8.19852409532116e+42,3.45714,0.0902261799999997,0.085181398,1.7161772280000001e+44,1.9142524967099603e+42,1.9208262632701502e+42,4.7072422e+44,5.60686519563744e+42,7.689369142422051e+42,nan,nan,nan,nan,nan,nan,nan,nan,nan,nan,nan,nan,nan,nan,nan,nan,nan,nan
Abell0209,6.90149,0.1423488869999998,0.1403966260000002,4.25936092e+44,2.18666687931573e+42,3.00622463611061e+42,1.629815609e+45,1.8430363845372812e+43,1.457377571352843e+43,7.13786,0.1751119440000001,0.1915922730000003,3.1378274560000005e+44,2.98990095741411e+42,2.71565212333574e+42,1.2164458920000001e+45,1.688181102955228e+43,1.7901239888936232e+43,6.96404,0.1413176900000001,0.1401393159999999,4.8270232340000005e+44,3.305774309678651e+42,3.43657675110836e+42,1.853145622e+45,2.227556963172826e+43,1.5275668813934023e+43,7.23738,0.1934089400000003,0.2273210829999996,3.2706853900000005e+44,3.9060446072146806e+42,2.3590081542855002e+42,1.27494415e+45,1.4341490204755252e+43,1.6729440894139663e+43
Abell0267,6.05075,0.1606229059999995,0.18124683,3.4075147410000004e+44,3.197570418799111e+42,3.18393550719772e+42,1.2261921140000002e+45,1.6331814037302862e+43,1.532250712670007e+43,5.90133,0.2326678619999995,0.2460213580000001,2.101086814e+44,2.95011265298266e+42,3.3605599242411304e+42,7.458926776e+44,1.601390290503034e+43,1.8567798424423353e+43,nan,nan,nan,nan,nan,nan,nan,nan,nan,nan,nan,nan,nan,nan,nan,nan,nan,nan
Abell0291,3.66694,0.057164594,0.0577248420000002,2.9262404970000003e+44,1.9308596365063404e+42,2.3555776354527e+42,8.281925191e+44,6.466238883591411e+42,8.30629514058211e+42,4.13436,0.1268572409999997,0.1254647860000002,1.429945565e+44,1.7575534133243402e+42,1.8972420841105e+42,4.2570594840000004e+44,7.740712794255591e+42,8.272960917883082e+42,3.74137,0.060188316,0.0602634330000002,3.008071742e+44,2.4571907914213002e+42,2.4941737479637e+42,8.594756029e+44,8.021139732983911e+42,7.782216757022791e+42,4.40827,0.1492554400000001,0.1524575940000003,1.347126339e+44,2.1556220490048e+42,1.89833394244967e+42,4.138180447e+44,8.856487006800771e+42,9.447930004527081e+42
Abell0383,4.01528,0.0462996849999997,0.0462378560000003,3.2424133450000003e+44,1.3662597534650902e+42,1.8142259849532603e+42,9.569060455000002e+44,8.55118506590664e+42,5.98196912685374e+42,4.38927,0.1143911199999996,0.1142570990000004,1.394892987e+44,1.3821275185993302e+42,1.42014336330602e+42,4.273244314e+44,5.85140720531541e+42,7.206075099035621e+42,4.05596,0.0503678679999994,0.054927224,3.3508610030000003e+44,1.9756463419111602e+42,2.0792768598671004e+42,9.935153369000001e+44,7.60726099668649e+42,6.78024750561231e+42,4.51297,0.1281371,0.135862092,1.3515166800000002e+44,1.5875360568918e+42,1.2217835516561001e+42,4.195720096e+44,7.389364696947911e+42,6.36211916358698e+42
Abell0521,6.25845,0.1025044939999997,0.1029948819999999,4.342625258e+44,2.3625695708659004e+42,2.1337776547259302e+42,1.5839226130000002e+45,1.219795698308846e+43,1.318574087540968e+43,6.17218,0.1137949970000002,0.1115442160000004,3.8666193210000004e+44,2.6467170893546502e+42,2.3785008142256102e+42,1.4013746650000001e+45,1.5017693566662031e+43,1.5928578002670673e+43,6.26964,0.1029555640000001,0.1032102110000003,4.196014962e+44,2.2747739572593703e+42,3.02484425920164e+42,1.5291307880000002e+45,1.198996959305958e+43,1.4296310067196801e+43,6.20939,0.1112142159999995,0.1114711389999998,3.767314962e+44,2.8730071445603506e+42,2.36379850768398e+42,1.3665476210000001e+45,1.474384293432856e+43,1.606281139117716e+43
Abell0586,6.11738,0.0777191940000001,0.0831810339999998,3.3703495310000003e+44,2.03181970323384e+42,2.16583115306461e+42,1.2138956510000001e+45,1.2258827582147271e+43,8.01466790539145e+42,6.11918,0.116482156,0.1251117979999998,1.886364335e+44,2.0515947174463e+42,2.0123708936549202e+42,6.790834258000001e+44,8.420171636949681e+42,9.80647855212309e+42,nan,nan,nan,nan,nan,nan,nan,nan,nan,nan,nan,nan,nan,nan,nan,nan,nan,nan
Abell0611,6.3991,0.0914646440000002,0.0987469550000001,4.084821229e+44,4.4650629583744105e+42,4.1936341052683107e+42,1.514875945e+45,2.2652155538949154e+43,2.449677032103653e+43,6.32049,0.1484371000000006,0.1516701429999996,2.3345336680000004e+44,4.0266793176616507e+42,2.99328465827445e+42,8.568009484e+44,1.304755139616114e+43,1.5427312345507162e+43,nan,nan,nan,nan,nan,nan,nan,nan,nan,nan,nan,nan,nan,nan,nan,nan,nan,nan
Abell0697,9.66664,0.1810760989999984,0.1982115130000004,7.70660001e+44,1.518972729849932e+43,1.3024663877165973e+43,3.466127269e+45,7.796068824222304e+43,4.795944449257113e+43,9.58744,0.2552314340000006,0.2582471779999995,5.214935354e+44,1.340398126711179e+43,1.3804027481228303e+43,2.3370043600000002e+45,6.232337239991727e+43,4.782141934076157e+43,nan,nan,nan,nan,nan,nan,nan,nan,nan,nan,nan,nan,nan,nan,nan,nan,nan,nan
ZwCl0857.9+2107,3.98355,0.0716181160000002,0.0714022390000002,3.775554826e+44,3.9389903554100003e+42,4.469931889610651e+42,1.1140610040000002e+45,1.270335141024909e+43,1.0606181135763051e+43,4.02934,0.1506427470000004,0.1544267709999998,1.5423795480000002e+44,2.43635530601319e+42,2.5636635981197103e+42,4.557862635000001e+44,8.64643792558981e+42,1.206152511209787e+43,4.01643,0.0689886269999995,0.0726325070000006,3.7132394060000004e+44,3.72207096916587e+42,3.92420784609088e+42,1.1006790360000001e+45,1.2194520314014402e+43,1.135438061926749e+43,4.0584,0.1361340819999998,0.1444544539999999,1.6286828250000001e+44,3.266800259465981e+42,2.2544074342796802e+42,4.830661542e+44,9.600453427622742e+42,9.063072914026541e+42
Abell0750,5.65484,0.0942153970000001,0.094244218,2.0043954e+44,1.7438816672275302e+42,2.0154812734092603e+42,6.904756374e+44,8.733115246191671e+42,6.832831073843281e+42,5.47196,0.1237639470000004,0.1352996189999995,1.2963404110000001e+44,1.6314591992629e+42,1.69881480597074e+42,4.3849267710000005e+44,6.33931575650659e+42,7.39276423041787e+42,nan,nan,nan,nan,nan,nan,nan,nan,nan,nan,nan,nan,nan,nan,nan,nan,nan,nan
Abell0773,7.54265,0.1730444819999999,0.1761914090000003,4.030920694e+44,2.33518582905611e+42,2.4898065906163905e+42,1.6115533100000002e+45,2.082977313516202e+43,1.266508311432325e+43,7.32791,0.2208857450000003,0.234565817,2.710577816e+44,2.7675001041795202e+42,2.7491994127510603e+42,1.0712890310000002e+45,1.7669792004479634e+43,1.7095861343854691e+43,7.9593,0.1953725629999994,0.1989369440000006,4.225122148e+44,2.79139769954907e+42,2.99277648713552e+42,1.732394441e+45,1.8420362059593492e+43,2.1515153064736023e+43,8.25755,0.2872594749999999,0.3123092419999995,2.622263022e+44,2.2038402319901002e+42,2.9706158565444404e+42,1.0937792740000002e+45,1.6661600514894633e+43,1.4359175557310982e+43
Abell0781,6.18735,0.1372442170000001,0.1386104499999998,2.765988399e+44,2.2383332439106602e+42,2.90027961793177e+42,1.004368468e+45,9.338459393529501e+42,1.6576870884672622e+43,6.06266,0.1378923759999999,0.1514130519999996,2.4658307920000003e+44,2.11802960835475e+42,2.3250660086585103e+42,8.868195459000002e+44,1.100335870890375e+43,9.61456760574939e+42,6.1952,0.1369068249999996,0.1378098799999998,2.882011681e+44,1.93848572286233e+42,2.9519067641581304e+42,1.04467334e+45,1.343394757878001e+43,9.53467546213868e+42,6.09959,0.1416824210000005,0.1554998650000003,2.554402096e+44,1.69206084816032e+42,1.8862339915205603e+42,9.193535676000001e+44,8.526143391503982e+42,1.3037139329592642e+43
Abell0901,3.05084,0.0412407090000002,0.044320163,1.392537443e+44,8.407832925333601e+41,1.01949693685804e+42,3.63471421e+44,2.5766380508215003e+42,2.0830848470956403e+42,3.25839,0.085586745,0.0892142170000003,6.022893929000001e+43,6.283826584763501e+41,6.655256258270301e+41,1.6140099250000002e+44,2.2030697238888202e+42,2.904965923653e+42,3.01224,0.0441329569999999,0.0439360780000002,1.4495241610000002e+44,8.9244265233925e+41,9.4375486981177e+41,3.7635594210000005e+44,3.1901227330565505e+42,3.16110282162546e+42,3.16633,0.1085691929999996,0.1094912009999999,5.553569204e+43,8.513131026338901e+41,5.1399737900350004e+41,1.470342595e+44,2.5236264633783802e+42,2.64072272087316e+42
Abell0907,5.64976,0.0807588219999999,0.0807864620000007,4.142521936e+44,4.93857006402757e+42,3.26125340842309e+42,1.44972111e+45,2.0572945141182232e+43,1.950532521650148e+43,6.64412,0.1818082209999998,0.1829353840000003,2.222159229e+44,3.62226645308268e+42,3.8972952133750306e+42,8.360802757e+44,1.7297688754683043e+43,1.9648513816224532e+43,nan,nan,nan,nan,nan,nan,nan,nan,nan,nan,nan,nan,nan,nan,nan,nan,nan,nan
Abell0963,6.52205,0.1134721309999999,0.1124112950000002,3.975057764e+44,2.1858411085513903e+42,2.2822767004347904e+42,1.485310149e+45,1.1840076186307792e+43,1.1869758389021463e+43,6.74622,0.1690648870000002,0.1892073139999999,2.3498360040000002e+44,1.5491935855806602e+42,2.10744399397888e+42,8.913844094e+44,1.338318004601633e+43,8.912940212923021e+42,6.7307,0.1134039319999997,0.1141731520000002,4.149269775e+44,2.4873112291369403e+42,3.10655700988186e+42,1.574637507e+45,1.2030621252391042e+43,1.601509125969795e+43,7.24412,0.1928601199999997,0.190331628,2.354382341e+44,2.02968078226849e+42,2.1265613946837703e+42,9.250229461e+44,1.191305857608912e+43,1.1326400667813082e+43
ZwCl1021.0+0426,5.96286,0.0230142740000003,0.0230479199999997,1.202591344e+45,3.49529973595264e+42,4.0896651864915504e+42,4.3184620460000004e+45,1.9379863022084853e+43,1.4659492035126292e+43,6.97554,0.0609731389999996,0.0610892230000006,4.661618952000001e+44,2.2708785097033202e+42,2.3480518266050602e+42,1.802285405e+45,1.189600789061488e+43,1.0924403279990572e+43,5.96938,0.0224870160000003,0.0225315469999998,1.180863958e+45,2.2389383809860703e+42,4.08981631310677e+42,4.2421472320000005e+45,1.31311855654839e+43,1.577237853877955e+43,6.93803,0.0550494530000005,0.0551784199999998,5.001254444e+44,2.5897789876466403e+42,3.07485660474544e+42,1.927638869e+45,1.070257669697126e+43,1.2294454559669951e+43
Abell1451,9.14294,0.3054560119999987,0.3397008079999999,3.7568429750000004e+44,4.45366723716831e+42,3.63585327579544e+42,1.637579204e+45,2.238472633331744e+43,2.3184460872642e+43,9.43339,0.4158797039999999,0.467931922,2.843399103e+44,3.18502081703046e+42,3.1009428762706905e+42,1.255265259e+45,3.2939076392058996e+43,2.260755362102949e+43,9.14294,0.3054560119999987,0.3397008079999999,3.7568429750000004e+44,4.45366723716831e+42,3.63585327579544e+42,1.637579204e+45,2.238472633331744e+43,2.3184460872642e+43,9.43339,0.4158797039999999,0.467931922,2.843399103e+44,3.18502081703046e+42,3.1009428762706905e+42,1.255265259e+45,3.2939076392058996e+43,2.260755362102949e+43
ZwCl1231.4+1007,4.81196,0.1048962539999998,0.1195386679999996,2.487230614e+44,1.5402627903566903e+42,2.00464026436545e+42,7.973035728000001e+44,1.177569132602043e+43,7.58211005041888e+42,4.72697,0.1121363729999993,0.1122848279999999,2.1879797860000003e+44,2.0754708067953602e+42,2.4380519725613604e+42,6.960269539e+44,8.81477973276761e+42,1.0426935658153031e+43,nan,nan,nan,nan,nan,nan,nan,nan,nan,nan,nan,nan,nan,nan,nan,nan,nan,nan
Abell1689,8.86383,0.0865440320000008,0.0866398929999991,8.279176951000001e+44,1.96466478607688e+42,1.7027211838476704e+42,3.5514115650000004e+45,1.182255413221375e+43,1.8482916193996132e+43,8.69781,0.1603983710000012,0.1567694729999988,3.716125925e+44,1.65206531426861e+42,1.7760161928483803e+42,1.580871778e+45,1.386781386338915e+43,1.155045291858492e+43,8.85219,0.0873051050000004,0.0873946700000001,8.332983793000001e+44,2.37971646778982e+42,1.7351190501216504e+42,3.571278071e+45,1.10082649125007e+43,1.6328056495931533e+43,8.65022,0.1620758949999992,0.1712730240000013,3.657876811e+44,1.3583057961666e+42,2.1280847717175e+42,1.551541714e+45,1.175774228468822e+43,1.0696171352868021e+43
Abell1758N,8.04672,0.1855988080000008,0.208928964,5.122127622e+44,3.4086062126615503e+42,3.322921092298211e+42,2.1208382660000003e+45,2.062904006004912e+43,1.958842314224297e+43,8.39075,0.2411091210000009,0.2440483719999999,4.125114256e+44,3.1348259680415705e+42,3.3501087078751606e+42,1.742648328e+45,2.715041307260518e+43,2.1110440724389162e+43,7.96135,0.1776580700000005,0.1792937429999996,4.8307473570000004e+44,3.3359673049425804e+42,4.17858355712277e+42,1.9929618560000003e+45,1.8888295383006841e+43,2.2618500005124603e+43,8.24941,0.2177576879999989,0.2213316680000012,4.094557166000001e+44,2.5210373072387003e+42,3.8327054556900905e+42,1.718580741e+45,2.052080263338342e+43,1.8755197387719742e+43
Abell1763,7.67426,0.1876899120000006,0.1917996759999995,5.0507237860000004e+44,3.840257620820211e+42,4.60730343562088e+42,2.049180011e+45,2.0115718917872002e+43,2.356234567149057e+43,7.55395,0.237984484,0.2380849299999994,3.704420287e+44,3.59375677837488e+42,2.7853503531756403e+42,1.488037408e+45,2.087286442421967e+43,2.509193039260988e+43,7.30832,0.1799337030000005,0.1908122959999998,5.569231039e+44,4.4281006219329205e+42,5.62343067434756e+42,2.201790727e+45,2.324353729767569e+43,2.843510938726705e+43,6.9588,0.2219397289999998,0.229726684,3.8895358370000005e+44,5.3325589303937804e+42,4.49924558654723e+42,1.4977691850000002e+45,2.535614889117615e+43,2.7462516452770923e+43
Abell1835,7.16686,0.0269002239999993,0.0269131410000005,1.365282935e+45,3.44661665105045e+42,2.781871769075e+42,5.3591239270000005e+45,1.654316411581335e+43,1.7647040843719433e+43,9.15442,0.0779002430000002,0.0862977780000004,4.993010435000001e+44,2.66526401690243e+42,2.2911567796610502e+42,2.1971475630000002e+45,1.1246685130371e+43,1.1364824189619062e+43,7.09112,0.026604442,0.0266233380000002,1.343979409e+45,2.7992202232368e+42,3.17671967730252e+42,5.245395109e+45,1.36472954077845e+43,1.476005609643798e+43,8.85131,0.0815342270000005,0.0815718160000003,5.161472798000001e+44,2.1361596933083303e+42,2.1277876835830502e+42,2.2328467260000003e+45,1.0321998930923142e+43,1.384316838203448e+43
Abell1914,9.52764,0.1310075499999996,0.1311751900000004,7.132204765000001e+44,3.0666734340931104e+42,2.6454742488036503e+42,3.1412757320000007e+45,1.437148433378831e+43,1.509627961735334e+43,9.37704,0.2188229229999994,0.2191242550000005,3.6787744760000005e+44,2.0153282251841502e+42,2.19811668528681e+42,1.607924306e+45,1.752478712610065e+43,1.4325574123757582e+43,9.46794,0.1301680880000013,0.1303282780000003,7.092036968000001e+44,3.0651300902287405e+42,2.6324034237318505e+42,3.115225031e+45,1.6359624258604761e+43,1.6774201539139143e+43,9.25268,0.2293538619999999,0.2123583270000004,3.733073204e+44,1.67453163493166e+42,2.5627109612619502e+42,1.6230836960000003e+45,1.4452934259532012e+43,1.344106997662449e+43
ZwCl1454.8+2233,4.44893,0.0442031429999998,0.0444209660000005,6.412373342000001e+44,3.06156328007804e+42,3.54984294920798e+42,1.990547062e+45,1.1455211334519551e+43,9.577980005324851e+42,4.78735,0.1013909819999998,0.1065292080000004,2.3968993130000003e+44,2.3943524426519504e+42,2.27518218275112e+42,7.711672560000002e+44,7.716495526351671e+42,1.090479642092085e+43,4.44457,0.0438968629999996,0.0441219080000001,6.348391446000001e+44,3.3227556096679803e+42,3.79161091829192e+42,1.9698351420000002e+45,1.1265548274472652e+43,1.0936039795175641e+43,4.77054,0.0980808589999995,0.1009880950000008,2.4349043090000003e+44,1.72638111953334e+42,2.27918796330778e+42,7.819481523e+44,1.144973062538142e+43,9.330644143086851e+42
Abell2009,5.96525,0.0559387220000004,0.0559432150000001,4.380446405e+44,1.3908802435737601e+42,1.94462910627769e+42,1.569518856e+45,9.54103181977555e+42,1.025868591494937e+43,6.14395,0.1257147860000005,0.1278186129999996,2.131471665e+44,8.7156855723858e+41,1.7045510673750203e+42,7.699002034e+44,1.0174733474962581e+43,7.2426814887139e+42,nan,nan,nan,nan,nan,nan,nan,nan,nan,nan,nan,nan,nan,nan,nan,nan,nan,nan
ZwCl1459.4+4240,6.92444,0.2184726430000001,0.2324877980000002,2.941735369e+44,3.1688707346166504e+42,3.2010310488855804e+42,1.135550075e+45,1.7249964973225462e+43,1.708523657198866e+43,6.73024,0.2527865949999999,0.274711141,2.353767049e+44,3.67047124105906e+42,3.19171010037869e+42,8.94371805e+44,2.0431574870624622e+43,1.9717693314859152e+43,6.8752,0.2023602660000003,0.2211156029999994,2.8520016340000003e+44,3.17222283618454e+42,4.03720696418083e+42,1.098529664e+45,1.5325685043665143e+43,2.004543098119088e+43,6.75264,0.233312819,0.2542739459999996,2.3456656920000002e+44,3.85348414026966e+42,3.2706709416494405e+42,8.942386217e+44,1.721901505222609e+43,1.708709593026831e+43
RXCJ1504.1-0248,6.1458,0.013523997,0.0167771709999993,1.7077501040000002e+45,2.5439813909603905e+42,4.1173010093777806e+42,6.179283879e+45,1.393083328693553e+43,1.4059734501633103e+43,7.49001,0.0523908539999995,0.0524717109999999,4.582003264000001e+44,2.1613384253091302e+42,1.85151120979567e+42,1.828275101e+45,1.141410675302413e+43,9.905370572902111e+42,6.13816,0.0133765410000004,0.0162638429999999,1.660996439e+45,3.29779800581259e+42,2.6237560417405e+42,6.003203017e+45,1.140528720446826e+43,1.279709326614531e+43,7.45615,0.0450840010000002,0.0451709639999995,5.076910903000001e+44,1.68897668838474e+42,1.9107730029613002e+42,2.0161864130000003e+45,8.136490898631052e+42,1.0705049164393701e+43
Abell2111,7.39606,0.2540278499999999,0.2526468629999998,2.871848316e+44,3.2823025980866407e+42,3.10071452670439e+42,1.149103819e+45,1.835861505024723e+43,1.746286321968231e+43,7.60175,0.311347434,0.3595758560000002,2.2050835420000004e+44,3.2909606193192804e+42,3.1713082480299e+42,8.921485944000001e+44,2.1343227160720942e+43,2.1245552355125493e+43,nan,nan,nan,nan,nan,nan,nan,nan,nan,nan,nan,nan,nan,nan,nan,nan,nan,nan
Abell2204,6.37915,0.024194123,0.0242261240000001,1.1395962320000001e+45,3.90174726876088e+42,4.03832011006939e+42,4.224803872e+45,1.4648121163494953e+43,1.2033416002661352e+43,7.78652,0.0827112880000005,0.0827266679999993,4.382421812e+44,2.6701565970365003e+42,2.9975672935668206e+42,1.7781535270000002e+45,1.174689416471294e+43,1.133351725337175e+43,6.3922,0.0239859090000003,0.0240148009999998,1.130975741e+45,3.214890360971661e+42,3.28507391330413e+42,4.196781140000001e+45,1.579731708485642e+43,1.3097791754609332e+43,7.85718,0.0805604149999998,0.0805822480000006,4.380788751e+44,2.4547819027536104e+42,2.99551375527768e+42,1.784260496e+45,1.643934503872074e+43,1.118272720879361e+43
Abell2219,10.6948,0.2752176900000016,0.2842673199999996,1.0091733890000001e+45,7.803626320319111e+42,6.42026986632811e+42,4.7028596770000004e+45,3.97115112965598e+43,4.212393040438759e+43,11.3652,0.4292953599999993,0.4434870100000001,6.4438477590000005e+44,4.77081245868575e+42,6.97646438057938e+42,3.094798617e+45,3.81305967710533e+43,4.697421968156305e+43,9.96774,0.2355367289999996,0.2359185800000016,9.387368735000002e+44,7.07772340768172e+42,6.667767750594301e+42,4.246926769000001e+45,3.7667681245176166e+43,4.1232615458444803e+43,9.92485,0.2889778929999984,0.2960823700000006,6.826454239000001e+44,4.49927974577248e+42,7.29916664342318e+42,3.0884388600000003e+45,3.790061115567804e+43,3.4674006294556946e+43
RXJ1720.1+2638,6.02268,0.0394168590000001,0.039439723,5.9019157200000004e+44,2.7859883828061502e+42,2.1682136669829904e+42,2.127066046e+45,1.228508009721535e+43,1.092245130249845e+43,7.37873,0.1147648300000003,0.1147340349999996,2.6010440220000003e+44,1.6995710821053702e+42,1.63224522509147e+42,1.0315429910000001e+45,1.006284628811281e+43,1.3040283713566862e+43,6.00244,0.0391456369999998,0.0391670709999996,5.7719695620000006e+44,2.6264107420455702e+42,1.7820002002066303e+42,2.075685334e+45,1.0671073360344062e+43,1.138266154880498e+43,7.33188,0.1062274260000002,0.1101627450000002,2.6316088030000005e+44,1.6927663638872802e+42,1.90056379719587e+42,1.0386518860000001e+45,8.992690644384261e+42,1.059362549943277e+43
Abell2261,7.50083,0.1006893849999999,0.1009669159999999,6.866734904000001e+44,1.147172093715729e+43,1.6264536834118903e+43,2.73462689e+45,5.516830801071096e+43,7.530560086932473e+43,7.49377,0.1579688259999994,0.1586087600000008,3.888596192000001e+44,1.3973781629258881e+43,1.385557663903769e+43,1.543617742e+45,6.325738647311815e+43,5.451641420375092e+43,nan,nan,nan,nan,nan,nan,nan,nan,nan,nan,nan,nan,nan,nan,nan,nan,nan,nan
RXCJ2102.1-2431,4.66002,0.0701516230000001,0.0701346669999996,3.1239014330000004e+44,1.51561766071104e+42,2.0721871917667003e+42,9.918441095000002e+44,1.1409570342490292e+43,7.454294096288631e+42,5.29629,0.1705647819999995,0.1775195629999997,1.430686966e+44,1.70025559216507e+42,1.89636492139284e+42,4.787730261e+44,8.607988430383621e+42,1.0475488880630051e+43,4.66959,0.0696132160000004,0.0696149659999996,3.1069924820000003e+44,1.8513122939404e+42,2.7310245179982404e+42,9.878081465e+44,1.0204262566525791e+43,1.0882356658328001e+43,5.3109,0.1668392790000004,0.1740941409999994,1.43603055e+44,1.91587048415998e+42,1.2669974711313002e+42,4.814880643000001e+44,8.4208763375939e+42,8.37254294088569e+42
RXJ2129.6+0005,5.57589,0.0593380489999999,0.059512089,5.734562647e+44,2.22274873410045e+42,2.4066866642917402e+42,1.989213197e+45,1.0974566276789371e+43,1.108268033584357e+43,5.99169,0.1098697780000002,0.1105800009999997,2.9758278230000003e+44,2.6088120007441802e+42,1.9620089204323303e+42,1.065455722e+45,1.098268777652498e+43,7.21521769179524e+42,5.54285,0.0590362949999994,0.0592210040000003,5.695843415e+44,2.4591701937760902e+42,3.1099251281932206e+42,1.96997412e+45,1.0472554978498431e+43,1.369300282405474e+43,5.92999,0.1079419540000001,0.1079375870000003,3.004385222e+44,1.96368334150279e+42,1.93980506182952e+42,1.0701677480000001e+45,9.825272802652891e+42,1.0165615413693251e+43
Abell2390,9.14285,0.1683967259999992,0.1903867940000001,1.120217643e+45,6.27748334254591e+42,4.7506269926475e+42,4.9104905970000004e+45,3.9005621989148624e+43,4.737967664550246e+43,10.2885,0.3783862460000016,0.4007538499999992,6.142634260000001e+44,5.4609092164507606e+42,5.84893100997378e+42,2.820897642e+45,4.998071543917072e+43,4.035861530458172e+43,9.14338,0.1745303210000006,0.191254228,1.0859660180000002e+45,6.051567921168331e+42,6.35669460955732e+42,4.759763850000001e+45,4.466224931873179e+43,4.903040997143617e+43,10.1958,0.3262296140000007,0.4042867799999996,6.194696857000001e+44,3.9344298957083005e+42,6.23905381290843e+42,2.8326351800000004e+45,4.096297876730898e+43,3.5226784281879036e+43
Abell2537,7.0739,0.28534389,0.279902195,3.719651239e+44,1.1465023901393502e+43,1.4795681609921942e+43,1.451877382e+45,6.43229683358844e+43,6.927220948326343e+43,6.62244,0.3797360730000001,0.4148727320000001,2.1555441219999998e+44,7.196376936657771e+42,1.4952007605925842e+43,8.119933095e+44,4.898617900259334e+43,5.581136162252157e+43,6.78023,0.293061668,0.2977859459999994,3.970607529e+44,1.3576961177569242e+43,1.6622643593367592e+43,1.5128274360000002e+45,6.406649303852749e+43,2.8973155021468514e+43,6.74123,0.4273498819999997,0.4574991180000003,2.2442167990000005e+44,1.1530630547626262e+43,1.599500901589199e+43,8.497208367000001e+44,5.748075802295305e+43,5.060695944689059e+43
Abell2552,7.80618,0.185959747,0.1858790539999999,5.184108808000001e+44,4.9004243574407704e+42,4.524721078155121e+42,2.1213328990000004e+45,3.1987378990289503e+43,3.0720462491028764e+43,7.5224,0.2282751499999999,0.2485258239999996,3.532165794e+44,2.79946218381571e+42,5.052881776914571e+42,1.4152861070000001e+45,2.905376032632216e+43,2.277390234485576e+43,nan,nan,nan,nan,nan,nan,nan,nan,nan,nan,nan,nan,nan,nan,nan,nan,nan,nan
Abell2631,7.21746,0.250236922,0.2844115909999996,4.483848817e+44,5.3227605210097905e+42,4.969268050871721e+42,1.7468636170000002e+45,2.8727371319000575e+43,2.607315996076427e+43,6.62853,0.2762218799999996,0.2846975970000001,3.437686334e+44,6.166277307140371e+42,5.4229644462177005e+42,1.285070833e+45,3.3740989220383604e+43,3.283708793778545e+43,7.1933,0.2456686719999998,0.2740681240000002,4.4240166e+44,5.4201516246415205e+42,6.922869443824141e+42,1.7207000950000003e+45,2.6508356024743243e+43,3.459619302855423e+43,6.70569,0.2654717829999997,0.2840401330000004,3.44290636e+44,6.397620652419711e+42,5.3109996727739505e+42,1.295272511e+45,2.862262466917267e+43,3.0224028247850025e+43
Abell2645,6.7241,0.2010214899999995,0.2108671620000004,2.3022523850000005e+44,2.0958962761258102e+42,1.84463422789698e+42,8.722740083e+44,1.0765579958663541e+43,1.23837573942276e+43,6.65512,0.2520644470000004,0.264973726,1.6986710980000001e+44,2.19706263926189e+42,2.07382788057069e+42,6.4083000900000006e+44,1.3821102290155872e+43,1.535127173440243e+43,nan,nan,nan,nan,nan,nan,nan,nan,nan,nan,nan,nan,nan,nan,nan,nan,nan,nan
