name,Mhy500,Mhy500-,Mhy500+,Mg500,Mg500-,Mg500+,Mhy2500,Mhy2500-,Mhy2500+,Mg2500,Mg2500-,Mg2500+,Mhy500_wraderr,Mhy500_wraderr-,Mhy500_wraderr+,Mg500_wraderr,Mg500_wraderr-,Mg500_wraderr+,Mhy2500_wraderr,Mhy2500_wraderr-,Mhy2500_wraderr+,Mg2500_wraderr,Mg2500_wraderr-,Mg2500_wraderr+
SDSSXCS-124,7.63449120781393,1.2862891151054328,1.0293182931714888,0.8699139803134202,0.0028409559145693756,0.005951363055270938,2.621328949034367,0.1122395715140319,0.1379750168277566,0.3217440983067948,0.0007216586472901173,0.0007343426025007814,7.63556228337295,1.285473557655724,1.0412613753764315,0.8703897991393255,0.01566209946412422,0.01622315619056375,2.6214616158666146,0.11337963947545034,0.13866805732547346,0.3216966365753919,0.007076098744610119,0.007249866838423322
SDSSXCS-2789,7.820373926737172,1.2597553929628051,1.4472117731031027,0.21860335141047987,0.0024907278771495707,0.002496081840178008,1.6029259915149567,0.1019294469698219,0.10931097692122377,0.09741363083960392,0.0003238598022146485,0.0003285565435833399,7.823912113436316,1.268243807332859,1.4562247360338227,0.21849854658978612,0.0028742091501732818,0.0029627163681804694,1.6028102771073516,0.10219466803865813,0.11015304865538159,0.09739944952443716,0.0018193276285897073,0.0017374581223693949
SDSSXCS-290,2.9616038322394793,0.36982704589028725,0.38252296931615193,0.4279687148386201,0.0021317948890726564,0.0020983848578225,1.4674294023835108,0.17560312951696097,0.2904652088407019,0.13415374681550699,0.0007589339729388868,0.0007731981197191212,2.9597920345760493,0.3902932271563516,0.42084921390264257,0.42747813921619865,0.01945407376971258,0.019887039407305237,1.469441440337866,0.177871362064433,0.28824707283274065,0.1341329163268674,0.00583861491311129,0.005993496300818634
SDSSXCS-1018,5.0679584441400936,1.0152696434707358,0.9693620003153564,0.2102081404422255,0.0019291687696871879,0.0019171617998883597,1.1288919797730397,0.1035031589761022,0.1499127521926316,0.08437096035581215,0.00034986225579672857,0.00035947912071372076,5.072697355839282,1.0308047015123751,0.9739243841861451,0.21005935196952652,0.003374147195863243,0.003431240537115235,1.128618926630438,0.10401110464478408,0.14985950574958393,0.08435006322518276,0.0023272844511412405,0.0023301475985317193
SDSSXCS-134,6.802619380284269,0.7825660480765538,0.7728186534028538,0.7672904703451527,0.0021486328289490628,0.0021703753083987505,3.043224562128578,0.11330435276679314,0.11034058579324814,0.3139447396156829,0.00035869046773710946,0.0003665724816571485,6.803511362089486,0.7889955982074613,0.7813716164743889,0.7671570639707495,0.010865865360957658,0.010814309512440314,3.042066775867568,0.1258778291181875,0.12454941310721064,0.3139113649292585,0.007264700850212618,0.007067511029406173
SDSSXCS-119,nan,nan,nan,nan,nan,nan,nan,nan,nan,nan,nan,nan,nan,nan,nan,nan,nan,nan,nan,nan,nan,nan,nan,nan
SDSSXCS-209,9.485744822450648,1.0183068717205463,1.0260307370818877,0.792279840638856,0.002268526354509219,0.0022821384979268755,3.9603278584867443,0.19660002361276627,0.21811610358339503,0.33865947547552017,0.0004966850391303907,0.0005019144877730079,9.496627636455761,1.0692605137205164,1.0535278258194338,0.792261545959307,0.012094417312701564,0.011850086179839221,3.961525288112623,0.20297372537721003,0.21888825071289317,0.33848707299184366,0.00876602279859383,0.008774582360433283
SDSSXCS-15,4.630911194598248,1.0146959304566938,1.0688124180347944,0.14354568076711735,0.0007164095916869532,0.0007176291490142384,0.5028496960549355,0.11868859837702166,0.10371562891026775,0.047396049136683896,0.00010081185302359377,0.00010330764774104494,4.626478680285309,1.0701446086724264,1.0979640019726664,0.14354190195889382,0.006864553439515587,0.005398960769066309,0.5032250520327082,0.12060006048547549,0.10652956125742173,0.04739118128938884,0.0024485550827055376,0.0024523998509785355
SDSSXCS-71,5.687966384354187,0.5209740785315344,0.51683595541835,0.8743395927206401,0.0027397467533850006,0.0027582562852707816,0.7554014056543857,0.2367758625950809,0.19272089529453518,0.17992966586945366,0.0006137621234270704,0.0006196468990360548,5.6854060195708085,0.5260786102614176,0.5195877765035414,0.8743156822154748,0.023003008898067192,0.023472424432373285,0.7557297109321659,0.23658035518838458,0.19153229763559487,0.17989527221788212,0.004613879490168985,0.004791597493708439
SDSSXCS-5020,4.2280679702041155,2.058088737766124,2.4646802686369167,0.06577872998125896,0.0013429561568020607,0.001321397027337676,1.6560719795674108,0.261240243004615,0.2791843665299516,0.04119459935694312,0.0004710748594111524,0.00046924582299718757,4.202132188564733,2.0586897616912068,2.5237487833026355,0.06571100014262914,0.0015218664738586819,0.0015197813616133695,1.6542873414348893,0.25925177715102676,0.27949984677687756,0.04118068015447342,0.0017528670488937551,0.0016971701579453079
SDSSXCS-2346,nan,nan,nan,nan,nan,nan,nan,nan,nan,nan,nan,nan,nan,nan,nan,nan,nan,nan,nan,nan,nan,nan,nan,nan
SDSSXCS-586,1.2989977230556768,0.38203653590925196,0.4024661634209538,0.18665051807486127,0.0023857630991367972,0.0024110700551496877,0.2501835996637019,0.143858006787567,0.15366399043917026,0.03812978601419946,0.0005791653385589893,0.0006186827474815724,1.301677263276098,0.40123777681456163,0.4195529921812041,0.18644879827971902,0.016974636706228636,0.015912277782580433,0.25034638986970537,0.14994531011774306,0.15247221467592814,0.038228444286417376,0.006378665101172247,0.006703062855681954
SDSSXCS-11331,2.4826170529766753,0.1857887445419591,0.1922343063007372,0.2794342423887872,0.0007442251904707033,0.0007580001126672267,0.7643246188334173,0.04057170044845876,0.04829955088630782,0.11336429541509342,0.0002366623974183399,0.00023887182811251957,2.4827128061864756,0.19206863585291503,0.1968354910359588,0.2794391772899982,0.0047772091679148055,0.004760146767634298,0.7643334742029673,0.04035134716424188,0.048780419671626885,0.11337804676477482,0.00209174577207918,0.002063181762656602
SDSSXCS-28849,nan,nan,nan,nan,nan,nan,nan,nan,nan,nan,nan,nan,nan,nan,nan,nan,nan,nan,nan,nan,nan,nan,nan,nan
SDSSXCS-31144,nan,nan,nan,nan,nan,nan,nan,nan,nan,nan,nan,nan,nan,nan,nan,nan,nan,nan,nan,nan,nan,nan,nan,nan
SDSSXCS-239,6.507742185730206,2.0292434841629667,1.6840291142945316,0.4942285225683269,0.007800447879128048,0.012289181260051095,1.973064758850879,0.1773075246731369,0.20276236045661786,0.18829763207146186,0.000645683632363086,0.000944905028796758,6.512422018998819,2.0258885322659603,1.6841821542055502,0.4941397128088721,0.010613668031265549,0.013955535651694377,1.973264885137024,0.17638680037842097,0.20199309793762127,0.18851155208541565,0.0041037475673216415,0.004200199923744649
SDSSXCS-395,3.6959995215439756,0.2617701377495769,0.26265555763673815,0.4390966865648186,0.0010783667957403127,0.0010468275474731252,1.7330230898719885,0.1577539569681294,0.18541893877963816,0.13873522242247058,0.0003551342849874219,0.0003639396078239454,3.699733814000497,0.2797964599318844,0.2811148580664732,0.4390194568702066,0.011123283720893596,0.010907263509154065,1.7322552640603297,0.1591211746464847,0.18894553146941565,0.13876132451334894,0.0048726834301878715,0.0048921936636537895
SDSSXCS-944,5.459301333583727,0.8075720685978007,0.8153337195911976,0.18002982725464994,0.0010243996256645313,0.001017278165218633,0.7475530850441051,0.1484989905404845,0.1409888442851966,0.05500414188139857,0.00020389770818923832,0.00020208478701072268,5.45304141550212,0.8078659322440627,0.8264195003719563,0.18001570854851714,0.0037776411980366804,0.0035690455301719535,0.7481963522487219,0.15009770021836236,0.14127946657974394,0.05503192880785122,0.002815413242517159,0.002768006454739483
SDSSXCS-593,2.4982631532919966,0.20694321968447596,0.21939957195801066,0.1713793574016446,0.0007276719042443751,0.0007366934007935743,0.665145747085852,0.06097106370890696,0.056298176305323605,0.05422200358501436,0.00021135810290689457,0.0002046455667528516,2.498323709665142,0.21080592733455503,0.22098653910001034,0.17145541983331924,0.004065870172608809,0.0038640125856165826,0.6651301223316134,0.060954053020834544,0.05647944714674704,0.054188714208176454,0.001805372508432139,0.0019155785272516703
SDSSXCS-35404,nan,nan,nan,nan,nan,nan,nan,nan,nan,nan,nan,nan,nan,nan,nan,nan,nan,nan,nan,nan,nan,nan,nan,nan
SDSSXCS-7190,nan,nan,nan,nan,nan,nan,nan,nan,nan,nan,nan,nan,nan,nan,nan,nan,nan,nan,nan,nan,nan,nan,nan,nan
SDSSXCS-7783,3.015073948227044,0.23509692916783692,0.24005501965873255,0.2875404255113837,0.0008720430379234376,0.000881444249828672,1.3124337964236374,0.09886652469501064,0.11126698652828892,0.11551850143788685,0.00022031292158794925,0.0002097529045448633,3.0176260673711592,0.25748035175471257,0.26166295889072505,0.28753942903518925,0.004348136999765899,0.004088201783582266,1.3119871273175239,0.09849159682612721,0.11164366222118033,0.11558615687064314,0.002197745009400293,0.00211719259698336
SDSSXCS-5743,nan,nan,nan,nan,nan,nan,nan,nan,nan,nan,nan,nan,nan,nan,nan,nan,nan,nan,nan,nan,nan,nan,nan,nan
SDSSXCS-1131,1.415107959079044,1.03181971276389,2.6521567770012506,0.200737605921657,0.005728357494179259,0.005724483439745353,1.1421970917590811,0.3622840689091485,0.36301008014898883,0.09022587688512232,0.0014253662315145315,0.0014354469318199417,1.4856886486964505,1.1157763830317204,2.747307542471669,0.19962657100605116,0.01482986526023969,0.012718810983239416,1.1442953307124293,0.3666002336522599,0.3717188405316685,0.09014925662443479,0.009429003154842365,0.009494491362778868
SDSSXCS-29799,nan,nan,nan,nan,nan,nan,nan,nan,nan,nan,nan,nan,nan,nan,nan,nan,nan,nan,nan,nan,nan,nan,nan,nan
SDSSXCS-852,6.006950105711721,1.2297222530521146,1.1405282208346352,0.3700718165006969,0.0009517346479964064,0.0009507336672069533,nan,nan,nan,nan,nan,nan,6.00745928271068,1.2391669182444003,1.1392728185344638,0.37008288865253763,0.007313856093259141,0.006987196186637423,nan,nan,nan,nan,nan,nan
SDSSXCS-5830,0.8335994472624134,0.15162971167919362,0.15747267232431142,0.0718383768663011,0.0009145243496920021,0.0008993395290437013,0.4825699407148124,0.14372951670587683,0.1560731126666784,0.019876318261688505,0.0002374880296746265,0.00022864865839443852,0.8343527240134889,0.1929622910940452,0.2152614658452555,0.07196983668185541,0.00864970003268133,0.008707347255748009,0.4808100840574033,0.14354078882185695,0.16076878066235728,0.019898530394332644,0.0017544942505695901,0.001782770814799319
SDSSXCS-5977,nan,nan,nan,nan,nan,nan,nan,nan,nan,nan,nan,nan,nan,nan,nan,nan,nan,nan,nan,nan,nan,nan,nan,nan
SDSSXCS-16227,nan,nan,nan,nan,nan,nan,nan,nan,nan,nan,nan,nan,nan,nan,nan,nan,nan,nan,nan,nan,nan,nan,nan,nan
SDSSXCS-2984,2.462010957834304,0.5634696876478589,0.5815361520219907,0.16671532059676547,0.0009509068108851759,0.0009130457928857423,nan,nan,nan,nan,nan,nan,2.4877107206304334,0.616237069556821,0.5886900124126223,0.16688388577452345,0.018459376007322014,0.015765043247274846,nan,nan,nan,nan,nan,nan
SDSSXCS-6955,0.5701531729835514,0.10289526122099744,0.1255174020242965,0.1154914984286122,0.0027042604219625786,0.0027484559047968754,0.5225582143870936,0.12646956708743798,0.14250496064824558,0.04263095908800792,0.0006029146709567286,0.0005921951601386964,0.5851027078365226,0.15734774522588674,0.17726460548247158,0.11529862460660491,0.009541581079494649,0.008887776851800352,0.5200651730925079,0.1281929681285276,0.15593727976527777,0.0425570477926528,0.00475335336087087,0.005075837575107784
SDSSXCS-64824,1.3990334221694782,0.3436334070140433,0.3550126178828232,0.08904944644138335,0.0012253273076135646,0.0012476928311359768,0.4108121978647007,0.13050673820843278,0.31737191335089443,0.025179086835179623,0.0005623203326843702,0.0007202480034374611,1.402438092348639,0.35795512399020646,0.36565342212868446,0.08913629028826064,0.004624282470503116,0.004429237942099083,0.4095223572013941,0.12924679899731967,0.3167210801559871,0.02523326783894776,0.0018472304090123245,0.0019197755758860794
SDSSXCS-8366,nan,nan,nan,nan,nan,nan,nan,nan,nan,nan,nan,nan,nan,nan,nan,nan,nan,nan,nan,nan,nan,nan,nan,nan
SDSSXCS-120,4.477275046268487,0.38250750166462505,0.4076849569660963,0.3551553212553371,0.0009984641307539063,0.000994512484313672,nan,nan,nan,nan,nan,nan,4.47862996328708,0.39333526575778943,0.41233350187836193,0.35502955290263755,0.004948930919469845,0.0050504115625096884,nan,nan,nan,nan,nan,nan
SDSSXCS-572,4.2830054479473745,0.41034124058478133,0.43237750450593443,0.31821939549454464,0.0007926457393807033,0.000801911838615586,1.4179984971975734,0.07332089864277579,0.07862173247682783,0.13680982564360838,0.00017408662577505862,0.00017830168797011722,4.285019623541698,0.4205626785129669,0.43828748141866697,0.3181910819035435,0.0034280048974081254,0.0033960164358112113,1.4179565771956524,0.07326162060285611,0.0787809243082547,0.1368222920811633,0.002069951608579024,0.0020325240500495513
SDSSXCS-226,9.45064666055345,1.4267480630440077,1.4885593433583402,0.6044576884923991,0.0038457120500668754,0.003993420088752422,3.045659523041304,0.21799902314671254,0.22890412937681254,0.279166159127868,0.0007098810327296485,0.0006973932990459767,9.438892782071372,1.4332330597805103,1.5191732710059878,0.6043905512981133,0.00696357711037211,0.006774267341926485,3.046541480313947,0.2185099130229344,0.22900902925799255,0.2792127869360648,0.00732176786474086,0.007349234871107697
SDSSXCS-22,0.8750739489567104,0.05387130522232798,0.05268327946620298,0.5218360501164186,0.0012185124364747658,0.0011819800251019533,2.481452543159428,0.10801024711381502,0.09864991228854032,0.24711299520378957,0.0002388890426852344,0.00023613653130496098,0.875207137034317,0.08076509966918423,0.08213301684868564,0.5218603824603936,0.0057863377852946105,0.00566488657319047,2.4776726099055155,0.12127939486501502,0.11954930828852157,0.24714533552049497,0.004020362090052579,0.004075164463735157
SDSSXCS-103,nan,nan,nan,nan,nan,nan,nan,nan,nan,nan,nan,nan,nan,nan,nan,nan,nan,nan,nan,nan,nan,nan,nan,nan
SDSSXCS-212,3.178107069663697,0.4882163520477579,0.5099748982856064,0.12513050369216427,0.001055242439567461,0.0010320552005536915,0.6033667941894131,0.10637702717800518,0.1315659199370444,0.03705010765242179,0.00020124832550619143,0.00021239356561262698,3.180084590937117,0.4982495355678457,0.5097441480727614,0.12510780655191886,0.003556622391252735,0.0034910635849150786,0.6038213738882213,0.1061756461723486,0.13185504903772735,0.03708470636660457,0.0016732437985240824,0.0016977971867038382
SDSSXCS-19922,nan,nan,nan,nan,nan,nan,nan,nan,nan,nan,nan,nan,nan,nan,nan,nan,nan,nan,nan,nan,nan,nan,nan,nan
SDSSXCS-890,6.751184485121683,0.9858933801957489,0.9235547736070127,0.44272307231616664,0.003566318674561954,0.003531210770426485,1.1563871691318877,0.08089046714192955,0.08961044671046799,0.15518493139977746,0.0007566570986505665,0.0007197153484983595,6.751772586610261,0.9896445704516914,0.9225361232869839,0.4424027403665599,0.009641223953338282,0.009701350355849455,1.1572501719611896,0.0812531428593597,0.0897923214679183,0.15516893232951995,0.005625829361640919,0.005649229812743458
SDSSXCS-31,10.335196964267787,1.0103424828019214,1.0332043464370402,1.5527152390173626,0.003274149713822188,0.003415594699832813,3.936847551378458,0.15095246763949877,0.16792149908223314,0.5235071682974073,0.0007884266617859376,0.0008141514720803126,10.3528997369614,1.1038839733132302,1.1253828160621326,1.553869409861821,0.06182025095018095,0.05982869611377314,3.9389797383777814,0.1684560419692144,0.1832513572598194,0.5232344241648029,0.028421335845808207,0.028858473045827428
SDSSXCS-325,2.1324292973549785,0.2348811499982994,0.26506965065440974,0.20136026698180723,0.0016140785829482425,0.0016242237022046097,0.9652356086361736,0.08849136944188236,0.0946114519758358,0.07501503514284892,0.00034866773829383794,0.00037415278971025394,2.138865341987957,0.2545688033619816,0.2748816779985154,0.2010900396461847,0.006969615385933517,0.006898621657434181,0.9651778603478335,0.08892594751709705,0.09745191891056142,0.07505923822116708,0.003977717133456612,0.003926088921894795
SDSSXCS-26424,nan,nan,nan,nan,nan,nan,nan,nan,nan,nan,nan,nan,nan,nan,nan,nan,nan,nan,nan,nan,nan,nan,nan,nan
SDSSXCS-5159,7.100722862797071,2.761094585629681,3.1497953200137006,0.01328152098446598,0.0001426211358564258,0.00014789291328307376,1.2465795552883072,0.24569492034754192,0.3040759866181393,0.010707453791295098,7.656083632504273e-05,7.543654023497926e-05,7.115605883488018,2.8139997674939092,3.155678073502097,0.01328013860021337,0.00014204240117448,0.00014897822050574221,1.2458468152888862,0.24551421419986255,0.30457280318253066,0.01070427044234866,0.00021493777474626102,0.00019539020908828982
SDSSXCS-9803,2.7745224301906797,0.4516378280450332,0.38593452994611194,0.35549787225554513,0.0023593802606464848,0.009709517233917267,1.1969939418861768,0.07037374618970876,0.08620326126998813,0.1458049631888347,0.0017530623494275003,0.0008950170717225392,2.7734843678496612,0.45057906112289225,0.3970249740121138,0.3566167200204074,0.0067946496040833994,0.008494158224877502,1.1976277020452775,0.07140234139400502,0.08562028516532173,0.145578381381159,0.002629785921867071,0.002638559009858965
SDSSXCS-1884,2.6123016166989492,0.6402740522308713,0.721909739523152,0.20612886331510114,0.003654398025783321,0.0037177956557669927,0.9102972744498364,0.2728277599124254,0.3484656853441832,0.058297221885650896,0.0009188986302298439,0.0008848580470185939,2.6330344208273915,0.6768931781523342,0.7336173802777889,0.20540089429420127,0.017084431788723792,0.016626746040093753,0.9102561440378095,0.27350894615620097,0.3518809992204643,0.05823903479677803,0.006938766935142071,0.007124548702219181
SDSSXCS-5,3.043742732037728,0.2511130822470463,0.2591776864900944,0.4104534251242396,0.0008344732732779689,0.000894034166446797,1.9760279721131466,0.11090009482578471,0.1845155781653991,0.15985946804523127,0.00017131437228343752,0.00017021739667234378,3.0423040579622818,0.27134441298152034,0.2879219253191613,0.41031190003962137,0.009930476318962813,0.009428789114548987,1.9777242333728524,0.11919073210669565,0.1864915944615072,0.15987945759168398,0.003225903414505274,0.003250491345108848
SDSSXCS-13,6.157768727433563,0.8028145773508326,3.866833166098027,0.9437415119637401,0.0036890675979260944,0.003440089853268594,2.5105321930837903,0.33221092948367503,0.19932511637093567,0.31846052249139434,0.0027521013616726956,0.0012727898593469923,6.197939663085416,0.8574018872050101,3.8244689162045282,0.9430172627632727,0.019039927191210317,0.02000679579246016,2.5043089086997843,0.3244587162130572,0.21030486745668409,0.3180175284791466,0.008186225809948322,0.00799330461381836
SDSSXCS-5225,2.1131005301109385,0.6327240534284888,0.6303454461555107,0.2142309168541008,0.0006474285952231252,0.0006579722629939845,0.4790807299868725,0.04104058056121126,0.06453974500652133,0.0723606601821879,0.00016585969583747073,0.00016520617661982425,2.1132964693573797,0.633998192351277,0.6316046020558336,0.21423962258597182,0.004129359495273907,0.003973932130515391,0.47953375074527654,0.041780128988010395,0.065389804636344,0.07236578592072482,0.0017698514614482132,0.0017686964676092679
SDSSXCS-21,7.578554662655436,0.5671841978506363,0.5806232461938914,0.8901277864377094,0.0007951768537768751,0.0007785153381835939,nan,nan,nan,nan,nan,nan,7.576267396925559,0.5703723460804276,0.5833883454672651,0.8901255086609894,0.02082579836094547,0.019714895313902817,nan,nan,nan,nan,nan,nan
SDSSXCS-23,1.9419770518667325,0.28302589076747225,0.2956322815674338,0.2990326934668212,0.0018573149572919535,0.001855465087669102,0.7594193918963479,0.09350238552163057,0.10388349190170626,0.08807982041452977,0.00037581047182195317,0.00038358871103332036,1.9410594723995733,0.28862777667955036,0.3098138866472616,0.29882683626474676,0.012427828533227658,0.012271561927355549,0.7588238168743058,0.09348954661034532,0.10460572956166002,0.08817063837956851,0.004469159254869112,0.004326300473979415
SDSSXCS-617,nan,nan,nan,nan,nan,nan,nan,nan,nan,nan,nan,nan,nan,nan,nan,nan,nan,nan,nan,nan,nan,nan,nan,nan
SDSSXCS-6245,nan,nan,nan,nan,nan,nan,nan,nan,nan,nan,nan,nan,nan,nan,nan,nan,nan,nan,nan,nan,nan,nan,nan,nan
SDSSXCS-21847,nan,nan,nan,nan,nan,nan,nan,nan,nan,nan,nan,nan,nan,nan,nan,nan,nan,nan,nan,nan,nan,nan,nan,nan
SDSSXCS-22748,nan,nan,nan,nan,nan,nan,nan,nan,nan,nan,nan,nan,nan,nan,nan,nan,nan,nan,nan,nan,nan,nan,nan,nan
SDSSXCS-9,2.7811123831163993,0.6183871091665185,0.6334924022793542,0.3012608865746303,0.005764682449915548,0.005741334446942423,1.2995749895371553,0.24631527939880177,0.3185815564387674,0.08987810219261126,0.0013744288780515627,0.0013618667361058791,2.789268243976932,0.6623833977503423,0.6912643084463295,0.30127194023964093,0.022985342868286372,0.022859765709680707,1.2959826846496612,0.24640649235486364,0.3205011599882532,0.0898066207790297,0.007981262749848273,0.008121433022408498
SDSSXCS-8060,7.784529228889289,1.023057855992614,1.1033039265473226,0.03853721231762795,0.0001167630092186426,0.00011325050414026857,1.7276979776685228,0.1540995510243244,0.18063466084775848,0.028197367483111514,6.18764335326709e-05,6.271675938306641e-05,7.7925455998827315,1.0407521931034214,1.1003454030924051,0.03853597164957267,0.0001300079887700635,0.0001228196661641602,1.7272906119588067,0.1542817229604397,0.1796067830726266,0.028193036955059564,0.00039474283985940924,0.00038426120086927743
SDSSXCS-15984,6.387413765273305,0.9841949484154151,0.8399241606126876,0.6343574623455079,0.0013961010931650003,0.0013646868250096096,2.2592572674939997,0.11800013973790315,0.1520449650284669,0.2402335596594137,0.00032890641012179694,0.00032599065014855474,6.379820970029108,0.9844075891027052,0.8494513552618901,0.6341681512029136,0.00924702864804297,0.009033251098396564,2.25848670051187,0.11820159118790595,0.15371067503545002,0.24016718840102563,0.0044030343901552745,0.004212809785876368
SDSSXCS-75,10.092453732686003,5.9340404343182955,5.765886323854122,0.4884564711665635,0.003796117256817813,0.0039540883141967196,2.1922209970593567,0.43160722614019914,0.4533365660161951,0.16288559601115496,0.0006316359071933204,0.0006726299592364845,10.093017662771823,5.917969929341211,5.7753479267175045,0.4884964010320111,0.018378148760406096,0.016511184092246566,2.1900006642505367,0.4419487972539257,0.4549574113041994,0.1627944779418679,0.014213515720438186,0.014714650034186193
SDSSXCS-667,7.845823535556229,0.3845671345019438,0.34900702248705007,0.870749962139513,0.0005605803317482814,0.0005438410070551564,nan,nan,nan,nan,nan,nan,7.848495408040015,0.39410419716187756,0.3674966038135713,0.8709662815447776,0.009558873366016407,0.009244140042582658,nan,nan,nan,nan,nan,nan
SDSSXCS-9258,1.5504928771508755,0.3429375067428305,0.38515991846062597,0.02944502837263663,0.0007261884334459621,0.0007269442649418409,0.7391943842867692,0.11842582287254885,0.1835443662451808,0.014529246264392904,0.00018202067711364504,0.00017891041990174318,1.5632668711914246,0.3724488896955129,0.4053694030722057,0.02940553634748075,0.001129311848690801,0.001129528634722637,0.7388939446929864,0.11910493162379432,0.18358502292057471,0.014526113089516646,0.0008754264955819631,0.0009214746867238087
SDSSXCS-1628,3.095385130578623,0.3366775865757491,0.6016568013145283,0.34785117257763587,0.011131775983727306,0.00492248905500629,1.2808895136870162,0.06863018870675955,0.07434220722720673,0.13072447433307907,0.0020452549692733597,0.000628905963648379,3.0982112752342044,0.33855199936989316,0.6010552576838176,0.34508416869815944,0.009277857858792229,0.009553489673872735,1.281412495446425,0.06967428874591251,0.07468955402424532,0.13036004634020454,0.002113022019658184,0.002108336361036602
SDSSXCS-7405,nan,nan,nan,nan,nan,nan,nan,nan,nan,nan,nan,nan,nan,nan,nan,nan,nan,nan,nan,nan,nan,nan,nan,nan
SDSSXCS-47,nan,nan,nan,nan,nan,nan,nan,nan,nan,nan,nan,nan,nan,nan,nan,nan,nan,nan,nan,nan,nan,nan,nan,nan
SDSSXCS-7416,1.0128372887645802,0.19157145200240738,0.21059830527361081,0.0885197222221256,0.0015867203085922269,0.0015758973421615627,0.256632975400311,0.09293696480686699,0.08805981194988459,0.01891266453529092,0.0004081752977049048,0.00044276894088517827,1.018928148202635,0.2162903152441238,0.2361032083028416,0.08857031278178298,0.01031785265940673,0.009398246063938322,0.2568299342329848,0.09213181553296337,0.08912496720050928,0.018928126671444626,0.0022256999699550445,0.0023180781137798223
SDSSXCS-2588,nan,nan,nan,nan,nan,nan,nan,nan,nan,nan,nan,nan,nan,nan,nan,nan,nan,nan,nan,nan,nan,nan,nan,nan
SDSSXCS-298,3.927059400927566,0.4021652630774626,0.4182752087461038,0.49578115739881307,0.0012597494429291407,0.0012702518484800003,1.6756769529177478,0.06767213620746126,0.07771208363484157,0.16737218092088033,0.00013389545916800785,0.0001413359089836719,3.9329392130600733,0.4118666570754888,0.41496189168489195,0.49581703448440556,0.007953826715104688,0.00791801901046836,1.6755922089343565,0.0677862892398097,0.07785451280572407,0.16733180419447263,0.003048390274342813,0.0031130661093089654
SDSSXCS-10897,nan,nan,nan,nan,nan,nan,nan,nan,nan,nan,nan,nan,nan,nan,nan,nan,nan,nan,nan,nan,nan,nan,nan,nan
SDSSXCS-3746,nan,nan,nan,nan,nan,nan,nan,nan,nan,nan,nan,nan,nan,nan,nan,nan,nan,nan,nan,nan,nan,nan,nan,nan
SDSSXCS-189,11.445463083603286,1.6888256826695265,1.7288088175870753,0.9269612096034022,0.00530903093986422,0.005146437708290782,2.3814352169217172,0.29373018177159127,0.3517049426193638,0.25445323088756217,0.0009111269711230861,0.0008731170506821877,11.461210729000632,1.7155884070042615,1.7568078872394628,0.9271091876153311,0.03289236611661016,0.03185686326497532,2.3788289150536253,0.2984850587934894,0.35707583265641973,0.2541695364512093,0.018435256818681214,0.019516927671389298
SDSSXCS-4245,nan,nan,nan,nan,nan,nan,nan,nan,nan,nan,nan,nan,nan,nan,nan,nan,nan,nan,nan,nan,nan,nan,nan,nan
SDSSXCS-408,5.02730296325099,1.0717806035172377,0.20031960662896064,0.7288201915216138,0.00033281138998250004,0.05178066464836016,nan,nan,nan,nan,nan,nan,5.019415409950188,1.0244943178748758,0.24652921812458128,0.7313694003145577,0.010280946093779534,0.03713514169597485,nan,nan,nan,nan,nan,nan
SDSSXCS-10401,0.8500933908842876,0.1019534185353472,0.14488691966093362,0.10446790654337207,0.0007994371943502345,0.0007864011369598244,0.2973713937949179,0.04156784233876481,0.04453233633766719,0.026583201717487372,0.00016146609242563968,0.0001610349718541846,0.8518583673271223,0.1128133468483369,0.15400713892322113,0.10438156869267903,0.005421186887372599,0.0055933057048387115,0.2972325647027182,0.041864401171228485,0.044403725119279654,0.0265831443320414,0.0015993504137011233,0.0015785020108880568
SDSSXCS-58896,nan,nan,nan,nan,nan,nan,nan,nan,nan,nan,nan,nan,nan,nan,nan,nan,nan,nan,nan,nan,nan,nan,nan,nan
SDSSXCS-474,nan,nan,nan,nan,nan,nan,nan,nan,nan,nan,nan,nan,nan,nan,nan,nan,nan,nan,nan,nan,nan,nan,nan,nan
SDSSXCS-7247,nan,nan,nan,nan,nan,nan,nan,nan,nan,nan,nan,nan,nan,nan,nan,nan,nan,nan,nan,nan,nan,nan,nan,nan
SDSSXCS-19467,5.895279985829662,2.6311748507832635,3.6915977171451844,0.2893898829768979,0.0051080832201199616,0.007356054432416485,nan,nan,nan,nan,nan,nan,5.904224239910503,2.6437170309781934,3.721212469993697,0.28961052675553567,0.017311282009399222,0.017427835124799496,nan,nan,nan,nan,nan,nan
SDSSXCS-455,6.476087144654106,1.0658770067708332,1.0480455410829501,0.3562607446895163,0.0026209010661718754,0.0026891103771939065,1.3100239602645267,0.1618353889269655,0.22563321315601348,0.1330803991608972,0.0006332092044441798,0.0006313587861264455,6.483610960182275,1.0805116788054752,1.0368152916501465,0.3561287334489452,0.007467390910878712,0.007429841957839064,1.309209483633549,0.16126252344225533,0.22399963970073175,0.13307547563486635,0.004172843357376641,0.0042395800423155475
SDSSXCS-1174,nan,nan,nan,nan,nan,nan,nan,nan,nan,nan,nan,nan,nan,nan,nan,nan,nan,nan,nan,nan,nan,nan,nan,nan
SDSSXCS-608,nan,nan,nan,nan,nan,nan,nan,nan,nan,nan,nan,nan,nan,nan,nan,nan,nan,nan,nan,nan,nan,nan,nan,nan
SDSSXCS-1645,7.1680861455666065,1.1131611422005876,1.1462912403853565,0.3045458771479109,0.002181223893937852,0.0021784578980251173,1.4796308278272772,0.11055796708400532,0.12620655860414315,0.10965015431856677,0.0004306915215141016,0.0004218969674964649,7.164615128101498,1.1150662658063102,1.152057338780749,0.30443529760465055,0.004834827176396407,0.004705940988107345,1.4794868609059064,0.11036116247111612,0.12714760165463096,0.10967967508987474,0.0032082544185335943,0.0032208828470764654
SDSSXCS-225,nan,nan,nan,nan,nan,nan,nan,nan,nan,nan,nan,nan,nan,nan,nan,nan,nan,nan,nan,nan,nan,nan,nan,nan
SDSSXCS-9313,3.451576241196549,0.4248550898000088,0.4639753302784144,0.1177427758753916,0.0009002483158303518,0.0008816519467298635,0.8544350644983331,0.10153735886704064,0.11023773517402877,0.04039507122189986,0.00016051552822933597,0.00015221481426650393,3.450152882908097,0.4322379561862901,0.4751024832255001,0.11769896430276282,0.0032491954534387504,0.0030968313883664067,0.8536737357808223,0.1015419506903483,0.11059139786993315,0.04037764800276192,0.00186343220676876,0.0018796450815614016
SDSSXCS-286,9.619349625707196,1.931565958276414,1.9778421019222265,0.6396011093801509,0.004904081694008517,0.0048409487074200785,2.524048728671449,0.24070890411981002,0.25715528021256473,0.2193722978986745,0.0011738758354114065,0.0011666486878023049,9.629174363027772,1.924426121788029,1.9780460537046427,0.6392735599668513,0.021506456398994768,0.020952401935932348,2.5226265175660822,0.23999588019178222,0.26100473231691845,0.21952488697109987,0.01030856102868961,0.0097263265504934
SDSSXCS-2347,3.5131365315733354,0.7240461788116386,0.7639461483987607,0.15549186180369784,0.0016261035986197072,0.0016862734476024222,1.6833771295354272,0.21608570991572315,0.28872671049641785,0.06385083981778604,0.0004055075532896485,0.00040236662344302743,3.519761262226729,0.7626121765714345,0.8064922173622939,0.15542039832255178,0.005644043936512696,0.005300364211926056,1.683479099736979,0.2171922710083994,0.2841173917123169,0.06382760718481208,0.0035271592745873444,0.0034422403142840043
SDSSXCS-28269,nan,nan,nan,nan,nan,nan,nan,nan,nan,nan,nan,nan,nan,nan,nan,nan,nan,nan,nan,nan,nan,nan,nan,nan
SDSSXCS-6307,nan,nan,nan,nan,nan,nan,nan,nan,nan,nan,nan,nan,nan,nan,nan,nan,nan,nan,nan,nan,nan,nan,nan,nan
SDSSXCS-241,nan,nan,nan,nan,nan,nan,nan,nan,nan,nan,nan,nan,nan,nan,nan,nan,nan,nan,nan,nan,nan,nan,nan,nan
SDSSXCS-893,13.296227474083752,2.9987909942713604,2.905797542808013,0.4961377730340254,0.005575444435279063,0.0054567222056135165,2.684109843216321,0.36399256454711754,0.3924225512054382,0.17286846900125188,0.0013722245523807228,0.0013753929630233596,13.311359598075517,3.1013865372434193,2.9118852093395353,0.4955097216145116,0.02165115416505735,0.0187990286149968,2.681507722392242,0.3762296899732188,0.3988982777232557,0.17305957980987238,0.017616097166272483,0.017388679516111488
SDSSXCS-7432,1.6173445149688037,0.20847137953523223,0.19050724811558908,0.22108634530892707,0.001425227208757969,0.001399527141184883,0.8921496385481203,0.10559848499879393,0.12991262360317346,0.07803794931288749,0.00045558759784197273,0.00044546541258349615,1.6217921253809697,0.22819668215002675,0.21365769553220848,0.22095653511020757,0.00768919242967258,0.007654441876991134,0.8924004625575255,0.10751274954774236,0.13082372848472767,0.07808220425151989,0.002729260567517022,0.0027012196297159672
SDSSXCS-11613,nan,nan,nan,nan,nan,nan,nan,nan,nan,nan,nan,nan,nan,nan,nan,nan,nan,nan,nan,nan,nan,nan,nan,nan
SDSSXCS-3,8.668421868981797,0.5938765789443451,0.6141482925568238,1.136313546204881,0.0007645684490337502,0.0007774714882100002,nan,nan,nan,nan,nan,nan,8.686927375635106,0.6340123400856689,0.6167313659459789,1.1362843272796712,0.017358386982086253,0.017053589038872035,nan,nan,nan,nan,nan,nan
SDSSXCS-5939,nan,nan,nan,nan,nan,nan,nan,nan,nan,nan,nan,nan,nan,nan,nan,nan,nan,nan,nan,nan,nan,nan,nan,nan
SDSSXCS-11881,0.5968510839520029,0.3373239360612637,0.4910845057237709,0.07108055870055634,0.0025706951284243463,0.002661135065276993,0.602316526346831,0.12896451901336728,0.12755168525406024,0.03826181114378179,0.0007719830178484864,0.0007512894020073096,0.6244705045625625,0.3841977873727696,0.5794877016841703,0.07064530670284366,0.004768920916819405,0.004437041592533106,0.6057301794440554,0.13843421306004214,0.1308772254773654,0.03824873881912726,0.0029972561892970366,0.002854331457583931
SDSSXCS-11394,nan,nan,nan,nan,nan,nan,nan,nan,nan,nan,nan,nan,nan,nan,nan,nan,nan,nan,nan,nan,nan,nan,nan,nan
SDSSXCS-907,10.082456131173384,1.5242689208825877,1.6208605020966678,0.851923432778563,0.005022387073142032,0.005128333212574219,2.285415071324068,0.18680697184503034,0.21448953495783815,0.27722996266278604,0.0009065583912201173,0.0008984966940847267,10.085108513995651,1.531148472130394,1.6268860970096177,0.8518861837946308,0.0230006420843711,0.022416167476971567,2.2876655175594136,0.18889032336691566,0.2142860605331947,0.27735555147547575,0.012186399285865589,0.012134651089004416
SDSSXCS-14715,nan,nan,nan,nan,nan,nan,nan,nan,nan,nan,nan,nan,nan,nan,nan,nan,nan,nan,nan,nan,nan,nan,nan,nan
SDSSXCS-309,2.7972869848852246,0.46285562651301226,0.44496843611538317,0.5023810925499621,0.002676958743859766,0.0027159500853010943,1.6346012778995826,0.10839808249933908,0.1215004251786797,0.18321413634564845,0.0005365098712447267,0.0005309422092261329,2.8078047007619844,0.49460649766035947,0.46138076481939505,0.5021332573073686,0.017882191207287738,0.017839413772959535,1.6358487546319025,0.11331277228342815,0.12706205326776282,0.18321342790709402,0.005216463447205587,0.005292259560635743
SDSSXCS-457,5.612426550731199,0.9156021862193939,0.9375305884234963,1.0196184435442464,0.0028536587489979694,0.0028737239538625006,0.9708751528344348,0.11788687074010033,0.1189419573884158,0.2287600030957862,0.0009106939233954689,0.0009014189993007032,5.6177424843309085,0.9312021464303283,0.9358979151498826,1.0190810831641406,0.03238923758907938,0.032778597751530476,0.9711995676152924,0.11762451823333923,0.11992380774020846,0.22867124673446815,0.0088622988060034,0.009238396513498674
SDSSXCS-35,nan,nan,nan,nan,nan,nan,nan,nan,nan,nan,nan,nan,nan,nan,nan,nan,nan,nan,nan,nan,nan,nan,nan,nan
SDSSXCS-6,5.334566259761631,0.501580359692537,1.6309062402137091,0.9705015617006605,0.0034943261467912505,0.004409447407595782,2.357313241181283,0.18290710368888471,0.18447198066840784,0.28917786615018465,0.0016680846608615628,0.0008039487185546486,5.347286202483133,0.5246954200444088,1.6221420643074285,0.9710084041756176,0.029043276549421723,0.028591315938822817,2.3556230824890942,0.1854377099491472,0.19367082337697097,0.28875540603130495,0.008845869199957657,0.009164140627397033
SDSSXCS-176,3.4955055142853455,0.5778597815667625,0.5804977143951457,0.04727759736019595,0.0004912577510424805,0.0004822474083459473,1.5953558936913252,0.14461496279742378,0.14528762478570814,0.03234234222740882,0.00024182142636615237,0.00023870699014928715,3.4994137192733756,0.6011539659836989,0.6093413004977901,0.04724809966522575,0.000573497634044922,0.0005827789695416212,1.5951989895693353,0.1467729555900494,0.1472153993144691,0.03231723778948365,0.0009910260064818753,0.0009540659675624708
SDSSXCS-3672,2.3422582931162292,0.41309231474269287,0.42848671448625414,0.18689750099354094,0.002025925122060391,0.001970954802742969,0.7906983365837899,0.1214061277917476,0.1324320365351475,0.05484840107083398,0.0005599300151219044,0.0006472713243352638,2.356103214008565,0.4452857564838432,0.43961727610088164,0.1866321133148179,0.010115958742505744,0.009690348040533087,0.7892094029857092,0.12051570044181698,0.13271741196052597,0.05484002728595969,0.004426657342600293,0.004619173562176416
SDSSXCS-43,7.475865654055682,0.25459219443137127,0.2736311298308488,1.1231366949977268,0.0002750010076373438,0.00028169566686156254,nan,nan,nan,nan,nan,nan,7.481419186703256,0.2883910369557613,0.29300234983622003,1.1232435798584695,0.01714023733145766,0.016730705938231564,nan,nan,nan,nan,nan,nan
SDSSXCS-32,2.879019099709124,0.8937695404692567,1.0484114891048557,0.05994119742556433,0.0013229810760395022,0.0013143535114430276,0.5373346491835698,0.1549963114514897,0.21349957019899427,0.023008388741124906,0.00030538929038571784,0.0003019773719176661,2.8990992095181625,0.9543066810586464,1.0906892371582113,0.05982960138045912,0.003030708168264971,0.0027564055223936626,0.5356184951669322,0.15353807947965853,0.21587316783951316,0.022988810454932895,0.0015227886968900662,0.0015312254034464455
SDSSXCS-16286,0.6077880679148454,0.17857770041637197,0.2040413621479302,0.08897865075580529,0.002122209830740645,0.002142392486089512,0.42416502219555274,0.11192807805973631,0.11371440032943135,0.025102828503557786,0.000563985703805171,0.0005878943774179444,0.6238477872548565,0.2534292194099259,0.29876397537521004,0.08857982438288595,0.01747968096764804,0.01624238310560473,0.41656541115500595,0.11075222238075498,0.12571432181075393,0.025250128311700395,0.006019430398649867,0.006372576465424503
SDSSXCS-5527,2.76240225713836,0.7988695334539061,0.7633716225516455,0.14939596606654776,0.001041910124885254,0.001019126202955762,0.947251596359438,0.0760029345488061,0.07739306495371095,0.05439784861907201,0.00018703444995254886,0.00019093489940112308,2.7564199699736984,0.8004643407888398,0.7816794960077732,0.1493191719293142,0.002253652155457422,0.0023478845134161917,0.9472779278467466,0.07634606507940454,0.07745966561365517,0.054397236081873274,0.0014881196749570314,0.0014896316926933499
SDSSXCS-4313,nan,nan,nan,nan,nan,nan,nan,nan,nan,nan,nan,nan,nan,nan,nan,nan,nan,nan,nan,nan,nan,nan,nan,nan
SDSSXCS-574,5.14377913905771,0.9526724023982057,0.7686274569213476,0.27059570586803755,0.0009475646384902346,0.0009283436099540626,2.17493274097895,0.10834184582875721,0.12335095793982627,0.1369403688755983,0.00020236369022902346,0.0002056682574328516,5.145355407439707,0.9671542884467677,0.7810346066687276,0.2705275293586603,0.002719077875064649,0.0026971039882599224,2.1756666426300386,0.11032843974475502,0.12455341727502064,0.13694676811727502,0.0021058912589757427,0.0020625834191854886
SDSSXCS-65,15.526904264829627,2.394139007814885,2.423591206060485,1.0243157447730677,0.0016603408774307814,0.0016467200207451564,3.478063735870117,0.13388509010555127,0.12369274002065314,0.4538097518354821,0.0003117269266001563,0.0003143551397104688,15.526471202328802,2.4040306456292777,2.419079447368563,1.0242746191559318,0.01001983636561094,0.009710455885738595,3.4792461746359007,0.13570357159793753,0.12575941536857063,0.4540510420456782,0.009847938009058126,0.009678636857505548
SDSSXCS-165,3.6089507380309858,0.7642829953266164,0.8673394776616208,0.05776075982922329,0.0011508344761778128,0.0011198064367852541,0.8236776146564748,0.09844875003445563,0.11924334728598893,0.02442158999338976,0.0001898361736144385,0.00018960117825199223,3.626129904751843,0.7988489566849944,0.8749764570226088,0.05764494405267421,0.0015786575469797462,0.0016529212410175882,0.8221435552348886,0.09910485974492142,0.12125304904950845,0.02444082000829858,0.0018885311596767043,0.0018542786557022562
SDSSXCS-4003,3.305225450493744,0.5166977847607388,0.5041547581918463,0.11806033144280689,0.0007908899182456252,0.0007738226822277736,1.5995215665775309,0.12501745580735033,0.12490033556736002,0.06188234805041211,0.00014666034768690431,0.00014187459454837893,3.306241017240645,0.5264261793582413,0.5155446156864569,0.11800389767305551,0.0015424994741800979,0.0015351695588046487,1.59905032901616,0.12550839879895595,0.12655661737244284,0.061876699501019816,0.0012702826606544337,0.0012772344714894826
SDSSXCS-2836,5.112557896104043,1.451392546850906,1.2602453200362378,0.108156483887777,0.0005780703508268946,0.0005777141975162696,1.6571711435386602,0.1129717495316369,0.12569090801070157,0.06834108734601288,0.000145311084601543,0.00014246202034345705,5.1221221791521305,1.4549680163170051,1.262411062959732,0.10814129188302353,0.0007345350655229103,0.0007436719430553127,1.6572672680726037,0.11337965605155252,0.12504542200681126,0.06835457165479833,0.0010224989553578225,0.0009888400512549612
SDSSXCS-210,1.3712557897492035,0.29641020414684943,0.34076294541558927,0.11909160274796798,0.0019429467888112503,0.0019382022660133793,0.9579977485319849,0.22268821875041722,0.2699992793357469,0.04982415595051533,0.0005432098607979591,0.000577191010687549,1.396819187314005,0.3808448501309485,0.41086815539643723,0.11898858000763356,0.011502080944198186,0.01094420570860422,0.9531547116779926,0.22280263382581628,0.278212416011808,0.04979386747665311,0.005074809380830812,0.005211766461943868
SDSSXCS-2288,4.99699374520867,0.38888675746923757,0.36553873712402757,0.48694419504993103,0.0012275515339757034,0.0012142802730528907,1.484276588537299,0.06696547881593282,0.0861869894391747,0.20347629157219488,0.00028738409110449223,0.0002945878788400391,5.00293273453243,0.4029968162246082,0.36680451283199816,0.4868885203828818,0.005464132760663126,0.005433832097515079,1.4840889479485206,0.0668264611842872,0.0862598189866244,0.20349899705555285,0.0027915552534451956,0.002795863175372735
SDSSXCS-78,6.216110464589331,0.6144917347915151,0.5253371394210639,0.5997361192744091,0.0008645190564407032,0.0008462782706318751,2.737809535361731,0.09867096969628127,0.11340700573679252,0.2579092740677922,0.00016313577677058597,0.00016427167260726566,6.215808496577061,0.6420415785898157,0.5515791619480388,0.5996870931804067,0.008867682261342814,0.008595710141008751,2.7369164159878694,0.0983751382930122,0.11502574020106159,0.25793430904888537,0.003851806289371446,0.003844140599832579
SDSSXCS-55,5.820436442163594,0.6644141276769814,0.6541568781330526,0.7040116562236705,0.000994616497637422,0.0010272445540157815,3.188978659659852,0.17664928280125317,0.18380948725817065,0.2592592084616357,0.0001618837947903516,0.00015765102695882815,5.825194542400278,0.6711042869085526,0.6483669930823226,0.7039352060475205,0.012296588725435705,0.012314139352565001,3.187350116262368,0.18404637827844128,0.19481683434735628,0.25917647392171356,0.004993679389866837,0.005193818197334376
SDSSXCS-137,3.8917077281344605,0.33673305558361066,0.3693659666420194,0.1462700112114962,0.0005547792234473829,0.0005506743642146094,nan,nan,nan,nan,nan,nan,3.8954825051015054,0.35536427192426445,0.3780729500582382,0.14623424239112037,0.0019498213498850589,0.00194983936571793,nan,nan,nan,nan,nan,nan
SDSSXCS-123,4.094909206195726,0.3625782281213113,0.35744014041499694,0.41785558060652084,0.001713885098556719,0.0016355095890937502,1.7868266100315922,0.09072196783694032,0.10404557095162595,0.16388487166208712,0.0003433769643275391,0.00034370077626513676,4.089538821802731,0.36650534972598253,0.3738625585556438,0.4177327216885452,0.00548273367458672,0.005437898453095157,1.786638880409374,0.09014108624043501,0.10477731296111377,0.16384938001294125,0.0027319138689975006,0.0027522955799683404
SDSSXCS-382,5.514449100768268,0.7051273966547758,0.67428213327212,0.06369480532612634,0.0003328940110683594,0.00032450380387482426,1.2664345321417254,0.12469966644798361,0.14278963146252033,0.03730828995575825,0.00012386960880308596,0.00012433495096647463,5.511136239898707,0.7130973202862163,0.7078630317037327,0.06367816113979619,0.00040882756341264657,0.00041650980901579107,1.2662036941547028,0.12610090218440173,0.14339586642461377,0.0372938314099211,0.0009924524371575489,0.0009705192050521144
SDSSXCS-2282,0.8614995119062713,0.13062164758860892,0.12614769463433878,0.20413312121870902,0.0024086556584523833,0.0024405629780556255,0.5845372613573878,0.12871051966976269,0.16042261592039386,0.043632149825143074,0.0004970779093469972,0.0005094596597718262,0.8625479352713029,0.14563919612169784,0.1477690806640422,0.20405270193997901,0.012092769529695587,0.01232888631927262,0.581873131843139,0.13353239501804884,0.17618171679084746,0.0437197884239819,0.00690255759982381,0.007024101925995714
SDSSXCS-5624,nan,nan,nan,nan,nan,nan,nan,nan,nan,nan,nan,nan,nan,nan,nan,nan,nan,nan,nan,nan,nan,nan,nan,nan
SDSSXCS-19,7.843335109745419,0.9364267463131951,1.0272787121054139,0.7004084983323287,0.0018921924164770315,0.0018831271657781252,2.2221937442322734,0.19288787302926066,0.20202943884961158,0.2080173210307687,0.000448667921753711,0.0004509529119709766,7.838741286167627,0.9508559095494289,1.0562539914914377,0.7008387598379411,0.019588377147130864,0.01939399599356047,2.2211539855639186,0.19241179294378566,0.20191650646737097,0.2080104803576666,0.007078557715937735,0.0072267498770544935
SDSSXCS-3312,3.6979546781812758,2.154830261445566,3.433663671519369,0.14091000689893837,0.002571850721846114,0.0024877109678574615,1.7249833782002784,0.3891840004685487,0.4613823129855854,0.07608426010164737,0.00047653907399646493,0.0004861836292493946,3.718984416928443,2.1718841233100927,3.443976356280974,0.14070380291430265,0.003749076679031075,0.0038868370830275004,1.7245194194207327,0.3919868027340102,0.461407333936871,0.07605170916394911,0.002426422372037569,0.002470062298125899
SDSSXCS-575,3.988793959771087,0.5296254540882601,0.6343818434015476,0.18142308595711545,0.00211617303436668,0.002058600139268086,0.8869555619182661,0.13441938533098485,0.09961068730673017,0.059592738026141776,0.00032631915204019537,0.00033530869311230473,3.991603637452048,0.5391138900419726,0.6482479033484769,0.18131167683954003,0.006182902482919942,0.006055871162025469,0.8868863625246076,0.13457190638688613,0.09910277771995205,0.059558661852897335,0.003119877030342784,0.0030664641323655765
SDSSXCS-2,10.375075800674997,1.341429869190179,1.3126718160308877,1.6814647201287365,0.002574257347510313,0.0026577891276765627,4.4770521503797704,0.2643276755742694,0.2580380288120669,0.5924607091271626,0.0006043692688547657,0.0006057536042710157,10.386127087767617,1.365417658225659,1.3431869935299676,1.6808259082640353,0.03495125093652782,0.034587979331225316,4.477276059246219,0.271621317392615,0.2652021984039969,0.5923145007377791,0.01777628229118883,0.018072169615086876
SDSSXCS-30950,nan,nan,nan,nan,nan,nan,nan,nan,nan,nan,nan,nan,nan,nan,nan,nan,nan,nan,nan,nan,nan,nan,nan,nan
SDSSXCS-480,5.318348526131111,0.43828576658182633,0.4243698924195557,0.7068586496687389,0.00037076364220625007,0.00037732787929343754,nan,nan,nan,nan,nan,nan,5.314904957504746,0.44946860861679444,0.45280642609755756,0.7067041811832673,0.011062541682928048,0.011594359306125315,nan,nan,nan,nan,nan,nan
SDSSXCS-14,6.465884583779641,0.5004319886300763,0.5058019604159764,1.0039673635541557,0.0010518480032493751,0.0010408487813451564,nan,nan,nan,nan,nan,nan,6.464627618099794,0.5071138704583489,0.5179424257671251,1.0036050115973705,0.018651628839736253,0.018829220670479846,nan,nan,nan,nan,nan,nan
SDSSXCS-1137,4.341832654017652,0.26304832825329943,0.25579321541007444,0.6856270301129263,0.0007399026220901564,0.0007138534079146095,nan,nan,nan,nan,nan,nan,4.345011248304532,0.27584325163432694,0.2658886954336263,0.6857698150701652,0.011111772693013127,0.010916111833074298,nan,nan,nan,nan,nan,nan
SDSSXCS-487,11.900744880300392,2.702811975065128,2.724190196843728,0.5241128555933501,0.004425312645886016,0.004506248077974063,2.9300798425569643,0.2588331926178744,0.2738795219714869,0.237514409492328,0.001109028304916758,0.0011187719902148049,11.929172941505787,2.751652844015653,2.705295108302868,0.5237978844371746,0.018824985519713674,0.016528408782492423,2.924970554444608,0.27384762981217065,0.28022879038581755,0.23742030932592456,0.019407657709603832,0.019467548042292893
SDSSXCS-155,14.866533370814382,2.4498923617126502,1.9456580073515104,1.111790841180919,0.002083782965733594,0.002604244412652969,3.2056579711754667,0.5019180260943648,0.4225720240114888,0.3354981581054469,0.0005071004353719923,0.00038155638280335945,14.864610885013425,2.4989697861173803,1.9392295226654652,1.1153180819542217,0.027923004434522506,0.033253531945111256,3.2058766860532857,0.5067843594328735,0.4193992675867382,0.33288975159287615,0.025839149911989066,0.01957880225345469
SDSSXCS-2032,3.473323957533254,0.3770860549231007,0.38748390736464006,0.32161725263825597,0.0017022326764609768,0.0015955445482259377,1.394383339222471,0.07846719700505157,0.09310483386907001,0.13085474343506623,0.0004424717709128321,0.00044913744973578134,3.4729056522233894,0.38245536393299506,0.3964057000450088,0.3214731972438678,0.005070751887131603,0.0050144120149969145,1.3942890105595702,0.0783323888726783,0.09382826224467095,0.13088227958517318,0.002531494448776133,0.0025616624674364846
SDSSXCS-10223,nan,nan,nan,nan,nan,nan,nan,nan,nan,nan,nan,nan,nan,nan,nan,nan,nan,nan,nan,nan,nan,nan,nan,nan
SDSSXCS-29,12.256869292884048,1.1121583275136977,1.1863455749716,1.7424104082513372,0.0026182314230337503,0.0027180664337543756,5.123786284854587,0.38507225234608194,0.40162002292435695,0.6536045440648595,0.0006908099815817188,0.0006648450129208594,12.280174182442197,1.1558488579921864,1.2191603158349151,1.7420839693987065,0.03802195571554376,0.037887268522116255,5.122231140742158,0.3892728516311332,0.4122477407115344,0.6535511895924093,0.01878228783683227,0.019178760136533753
SDSSXCS-110,10.064386994761387,1.539010734386299,1.5111164946295252,0.3155327595092299,0.0009135001236775001,0.0008044692416980079,3.3574110942571114,0.12081312588732439,0.11836110503922877,0.19364790897743658,0.0001856888388939063,0.00017767826418332034,10.06638788896918,1.541778375776609,1.5068102994365178,0.31547103509493885,0.0012635603076651956,0.0012039479079016017,3.358349685324468,0.1239579062569319,0.11845151328433565,0.19363011668701635,0.0021514278677448834,0.002183855483904063
SDSSXCS-913,nan,nan,nan,nan,nan,nan,nan,nan,nan,nan,nan,nan,nan,nan,nan,nan,nan,nan,nan,nan,nan,nan,nan,nan
SDSSXCS-62,nan,nan,nan,nan,nan,nan,nan,nan,nan,nan,nan,nan,nan,nan,nan,nan,nan,nan,nan,nan,nan,nan,nan,nan
SDSSXCS-236,4.112269083293116,0.4760256640608138,0.4720366176299463,0.40872203723554684,0.001481581214780469,0.001368787597909922,1.4016853950388026,0.12274274396285689,0.13613139666332782,0.10901333671098418,0.0002704117036104688,0.00026737717123525396,4.110922002026002,0.48517949055587944,0.4838118979178088,0.4084673378624019,0.01307163455692422,0.013459685242239611,1.4013215450246868,0.12245520114511392,0.13650459486572783,0.10903367871285291,0.0035727019987394928,0.0034751074362381843
SDSSXCS-765,2.505715419852685,0.6281128162412591,0.683439802412822,0.38575003396845725,0.004528768810723126,0.0046584949282533605,1.0141113681745504,0.17746135046672332,0.21483466287129316,0.11661199436033456,0.0009624372468727345,0.0009728729367592775,2.5282120688753564,0.6823017970396711,0.6992848691129826,0.38535386843890257,0.030955153141441177,0.028763594373079692,1.013704310780303,0.1799321467142236,0.21777350606789705,0.11669820862189119,0.01216386103702387,0.012690356906617267
SDSSXCS-51,6.384518345093708,0.9633489774143127,1.1890042186351977,0.7250239579952241,0.005815358934255939,0.0060700020606400005,3.0250473679468497,0.20473884699913192,0.22389417765516317,0.2688138384831501,0.0025731059036439067,0.0017992475701527346,6.401892398148601,1.0101608244450377,1.2291655889733526,0.7248228648978118,0.022693568425229613,0.023919217480163596,3.0255064024101928,0.21666781706582097,0.23657832849167565,0.26875346729496,0.0105616016566734,0.010922362907953127
SDSSXCS-41,6.678597280249593,0.7508799375323438,0.7628987575628976,0.9250997858833572,0.001464497940271719,0.0015466329062203128,3.001079080504915,0.12873402981945564,0.13027714408226815,0.3192468673436559,0.00041212181146023445,0.0003954184578692188,6.6812061742678415,0.7688249188393677,0.7797810028455902,0.9251652769062386,0.020105359740594533,0.019564897925397503,3.000920969729389,0.13322442962400752,0.13462174882555064,0.3193715797966224,0.008013675913576799,0.00779706406732172
SDSSXCS-34,2.270284957930892,0.3340362798178691,0.3731185681221579,0.2861289578919013,0.0022262225672446878,0.002193021857310547,0.6171133256362277,0.07568213673806432,0.07646020138281369,0.06699405825994537,0.00046960565142750986,0.0004576969086330762,2.273266032764426,0.342161993810631,0.3769831378516357,0.28629697358920686,0.013940367764802111,0.013460528898880822,0.6170645654002451,0.07754266507116633,0.07892229626177337,0.06697010544768882,0.004087236870798185,0.004045744704860831
SDSSXCS-11154,3.073384576280984,0.32883019519466067,0.33000084654648065,0.39302125643214286,0.0011919686074203907,0.0012372224952554689,1.0419552208231064,0.09162829019155236,0.09738598901020376,0.1116493893315182,0.0002875460660511133,0.00029601035826164066,3.075729381849152,0.333786836170266,0.33864910302798756,0.39312296507410055,0.011202479794730548,0.01089505865469094,1.041305547179721,0.0909347505140672,0.09853667510653658,0.11163089338995134,0.0033002857245529303,0.003316788594334883
SDSSXCS-2092,nan,nan,nan,nan,nan,nan,nan,nan,nan,nan,nan,nan,nan,nan,nan,nan,nan,nan,nan,nan,nan,nan,nan,nan
SDSSXCS-17923,nan,nan,nan,nan,nan,nan,nan,nan,nan,nan,nan,nan,nan,nan,nan,nan,nan,nan,nan,nan,nan,nan,nan,nan
SDSSXCS-68,7.450607249634422,0.7672486512229514,0.7693413421489214,0.8666198625404573,0.003493665876066094,0.003560631127459688,2.925366402160953,0.21074019403091285,0.22296894732774003,0.3091829299306255,0.0007183771472866408,0.0007363245525432423,7.455964426639424,0.8005432570522214,0.7971123702899101,0.8663188636201614,0.019615200448155158,0.019059787496395628,2.9258362649105503,0.21443122303521442,0.22462430519627316,0.3091398914285922,0.011104319365298205,0.010985537215126446
SDSSXCS-147,8.571155392938488,1.7207906205717716,1.8488744462476014,0.5586865175080927,0.002661736728535391,0.002508113083494219,2.09069206898303,0.12316967444179377,0.13144867370161628,0.20335871921037996,0.00046562550670480474,0.00045621679770753914,8.580431328577706,1.7398488008217827,1.854715674336014,0.5584375791223667,0.00722019096328633,0.0072749025054697665,2.090274757613875,0.12372454022472565,0.13351872412647378,0.20325824262996348,0.005389449410472345,0.005587824216541797
SDSSXCS-314,5.205555951420803,0.5213052869272045,0.4988443656527582,0.5137060365578726,0.0011166450485321877,0.001061537503630547,0.9382392286919662,0.22604757749935364,0.2691326815515563,0.10201522678180568,0.00023474191740957036,0.0002550346385320313,5.203239739695891,0.5203688275139757,0.504494929623545,0.5135388532852703,0.018759361602876095,0.018129550839447034,0.9396898766972914,0.22799768634763862,0.2673780467004028,0.10211572313520888,0.006772365880849806,0.006751453212597188
