name,Tx_500,Tx_500-,Tx_500+,Lx52_500,Lx52_500-,Lx52_500+,Lxbol_500,Lxbol_500-,Lxbol_500+,Tx_2500,Tx_2500-,Tx_2500+,Lx52_2500,Lx52_2500-,Lx52_2500+,Lxbol_2500,Lxbol_2500-,Lxbol_2500+,Tx_500ce,Tx_500ce-,Tx_500ce+,Lx52_500ce,Lx52_500ce-,Lx52_500ce+,Lxbol_500ce,Lxbol_500ce-,Lxbol_500ce+
SDSSXCS-124,6.92015,0.1163663749999992,0.1116456080000007,5.31039497e+44,2.5138298969166902e+42,3.16761809637063e+42,2.039771111e+45,1.640702727283559e+43,2.104153180165754e+43,7.08962,0.0978309480000003,0.0979203010000002,4.008450306000001e+44,1.8302098874225902e+42,1.95015726391528e+42,1.5577168600000002e+45,1.192921981485153e+43,1.143706975473722e+43,6.7805,0.1341177560000002,0.1587507910000001,3.6848614770000005e+44,2.43865873352839e+42,2.7163504195409903e+42,1.4014643590000002e+45,1.6547211202970693e+43,1.5958150228120413e+43
SDSSXCS-2789,4.53982,0.0730187390000001,0.074565926,1.029585351e+44,6.1773724505043005e+41,7.4132682712496e+41,3.2133869300000004e+44,3.0332816064429805e+42,4.009829696553021e+42,4.44246,0.057409389,0.0577697510000003,7.125304932e+43,3.626027943489e+41,4.062266805935701e+41,2.20125343e+44,1.94225782997887e+42,1.7345554487775102e+42,4.65448,0.1085904550000007,0.1136799329999993,6.943673073000001e+43,5.3849261675143006e+41,6.6942305071732005e+41,2.1926353080000002e+44,3.41839437377479e+42,3.386217780723e+42
SDSSXCS-290,5.31695,0.2978612860000007,0.3363328149999995,2.856684648e+44,5.981212273034951e+42,7.360636929995272e+42,9.632633448e+44,3.175662522464114e+43,4.299270546204821e+43,5.42114,0.2666413920000003,0.3028080239999999,2.032878914e+44,3.958266648989231e+42,4.2211699964884406e+42,6.923875225e+44,2.290688740747986e+43,2.1417151840898013e+43,5.44791,0.4078653150000004,0.4862913049999999,1.9721161830000004e+44,5.64045063754699e+42,6.305299733283671e+42,6.733913936000001e+44,3.5703224856293074e+43,3.222813026778947e+43
SDSSXCS-1018,3.90154,0.1435351899999997,0.1515063040000006,8.044819691000001e+43,8.0998247276595e+41,1.08199525064267e+42,2.3358494040000004e+44,5.683306045485371e+42,6.750008167316691e+42,4.09553,0.1083698690000001,0.1154433030000001,6.395953974000001e+43,8.0323243609751e+41,6.7388270010307005e+41,1.8998470500000002e+44,2.59305072341979e+42,3.7607506507958e+42,3.93097,0.2072827289999996,0.2304893480000003,5.048988199e+43,8.0047127478772e+41,1.2550927686031601e+42,1.471116666e+44,5.869525571830741e+42,4.4501420093527404e+42
SDSSXCS-134,6.72636,0.1165286779999998,0.1165610109999999,4.8118889700000005e+44,2.3536053923317704e+42,3.208757724264e+42,1.8253099730000002e+45,1.649650790374069e+43,2.1069569746810141e+43,7.04656,0.1044310310000007,0.1047602969999994,3.813150946e+44,1.75587113694453e+42,1.91288621128382e+42,1.4797701780000003e+45,1.196273268624486e+43,1.1460190262683602e+43,6.37682,0.1358317790000001,0.1538145749999993,3.4477165880000003e+44,2.2886111107952904e+42,2.5618760325129202e+42,1.27385174e+45,1.642166993193526e+43,1.5838668880722953e+43
SDSSXCS-119,4.93463,0.400290461,0.4561698349999998,2.049786894e+44,5.88142872478777e+42,7.58240302483728e+42,6.6546644340000004e+44,3.364439816943008e+43,4.3015511394294385e+43,5.41215,0.3971238569999995,0.4488086430000004,1.2392380270000001e+44,3.4839867121730205e+42,3.75139658699735e+42,4.215954787000001e+44,1.9984312810026832e+43,1.8936876468588153e+43,4.91217,0.4322368929999998,0.5035508630000001,1.821677802e+44,5.71575378690862e+42,6.98583233004203e+42,5.900620841000001e+44,3.6796491621793333e+43,3.6213678607524573e+43
SDSSXCS-209,8.02713,0.1918950019999998,0.2117091880000003,4.4028654710000005e+44,2.5081092404986002e+42,3.22310124055953e+42,1.8181762e+45,2.359986603450008e+43,1.585355170236669e+43,8.25517,0.1813042970000005,0.1814148069999994,3.4406407350000005e+44,2.0639918309820703e+42,2.3393342369670603e+42,1.4396423510000002e+45,1.472856737214855e+43,1.566555882879786e+43,7.57105,0.2332217769999998,0.2848490510000001,3.005846433e+44,2.8344315927672204e+42,3.17795549341355e+42,1.2072216800000001e+45,2.080384666121265e+43,2.041787921885191e+43
SDSSXCS-15,2.5989,0.1290666759999998,0.139564472,3.346000822e+43,4.9803295201930004e+41,6.0970770672602004e+41,8.216686101000001e+43,3.62337985832491e+42,2.28408210703226e+42,2.65635,0.0955385940000002,0.1035720229999999,1.7937645890000002e+43,2.7218726357173006e+41,2.8140261297390005e+41,4.441038383e+43,9.804654768911801e+41,1.0735888106780401e+42,2.56675,0.1467885679999998,0.1644950940000002,2.76171456e+43,5.9941299429263005e+41,4.6334441542862e+41,6.750770269000001e+43,2.6524270016462602e+42,2.14976356724179e+42
SDSSXCS-71,5.79498,0.1212898949999994,0.1164601819999999,2.7011214620000004e+44,1.5864431385607e+42,1.9828716722396702e+42,9.496472164e+44,9.376959394527661e+42,1.2060774579056582e+43,5.25224,0.0971912329999993,0.0977041450000006,1.3949905090000002e+44,9.4598769871136e+41,1.0141957495588101e+42,4.674249992e+44,5.464874699955441e+42,4.9403838204900704e+42,6.08071,0.1220713719999997,0.1596990910000002,2.2678355430000002e+44,1.5265825226805702e+42,1.7584507172191002e+42,8.162030043e+44,1.025131127897178e+43,9.535896193622321e+42
SDSSXCS-5020,3.97149,0.337614571,0.3905836569999996,5.026335576e+43,1.72495455337241e+42,2.2596193088494402e+42,1.473268474e+44,8.47952923425544e+42,1.190227603735309e+43,3.66225,0.2100423129999997,0.2314204660000003,3.29640165e+43,9.3440983132523e+41,9.8867108781673e+41,9.311004262000002e+43,4.245337004723221e+42,4.1303466646475103e+42,4.08204,0.4418509020000001,0.604092187,3.7541155050000006e+43,1.6816170613861902e+42,1.86887591023208e+42,1.114564108e+44,9.40139655331877e+42,8.95201719364524e+42
SDSSXCS-2346,1.32597,0.1287198340000002,0.1673252739999999,6.077196528e+42,9.0569486620145e+41,1.1785006548522802e+42,1.168207572e+43,2.8648288700936606e+42,1.9721910673866002e+42,1.08923,0.1590219083999999,0.194001244,5.0297020920000005e+42,1.0403786951058301e+42,7.6270710091051e+41,8.936201941e+42,1.59999061638502e+42,1.5916990657937403e+42,1.31748,0.154930821,0.2077971069999999,5.2857656960000006e+42,9.1147503703959e+41,1.0648258465895602e+42,1.0137348790000001e+43,2.55437740635317e+42,2.5102186421621402e+42
SDSSXCS-586,2.04918,0.2054393749999998,0.2741141200000001,2.79128217e+43,2.5610940533531202e+42,1.6685371261321302e+42,6.272171877e+43,5.3500040718203703e+42,5.841940755348541e+42,2.41048,0.260982308,0.3403304519999999,2.021049515e+43,8.978540576552002e+41,1.19975334459304e+42,4.79949737e+43,3.48520236816446e+42,4.2951849854360004e+42,2.21742,0.2986976380000001,0.4095985389999996,2.348101977e+43,2.08691297899208e+42,1.9462140218996302e+42,5.41621378e+43,4.7988313520058306e+42,5.3245224661937407e+42
SDSSXCS-11331,3.07798,0.0365971960000002,0.0368280399999996,3.90672628e+44,2.1069772945416502e+42,2.4757802050656502e+42,1.020553605e+45,6.554721446639581e+42,9.3697447041399e+42,3.05362,0.0329750940000002,0.0352422039999997,3.4034623930000003e+44,1.8808959864126602e+42,1.71138638351695e+42,8.861368944000001e+44,6.480410547240791e+42,5.5238407710764505e+42,3.3857,0.0664059969999999,0.0721444209999999,1.7816143160000002e+44,1.53516875749481e+42,1.75004176932588e+42,4.8490856250000006e+44,6.07793297442017e+42,6.79003836307736e+42
SDSSXCS-28849,1.89253,0.1896411989999999,0.2616469589999999,2.560596802e+43,2.93817166980734e+42,2.29812736485828e+42,5.610154019e+43,7.358306679845691e+42,5.667131549512051e+42,1.85322,0.178354804,0.252182734,1.210888721e+43,8.528540701576301e+41,1.3449253232831001e+42,2.635671377e+43,2.6256800463225102e+42,3.3232353518937503e+42,1.80264,0.19047268,0.2515530009999998,2.0764549160000003e+43,2.40876627974254e+42,2.26088712216097e+42,4.481042660000001e+43,6.400672166868071e+42,6.63230780193114e+42
SDSSXCS-31144,2.01921,0.1977269520000002,0.2835206069999998,2.25552919e+43,8.9554479597092e+41,1.53511454047501e+42,4.974702424e+43,4.8608265962408e+42,3.19548705944943e+42,2.95711,0.3704475980000001,0.4438295429999996,1.311361817e+43,7.6570309954064e+41,6.937244814564901e+41,3.341333766e+43,3.0005374194182405e+42,2.67691355497986e+42,1.78292,0.1501604869999999,0.210038473,2.0051335800000002e+43,1.04672374745229e+42,1.41689379249064e+42,4.2447659460000003e+43,4.24493640559131e+42,3.61786426619492e+42
SDSSXCS-239,5.8546,0.1464422649999992,0.1453006770000007,3.3308459670000006e+44,2.5844532139197004e+42,3.367578713717051e+42,1.178054223e+45,1.534134422849198e+43,2.028917206581554e+43,5.95536,0.1203855149999997,0.1210893980000005,2.5520240610000002e+44,1.85117447414027e+42,2.07222343524047e+42,9.101704413000001e+44,1.127663076272484e+43,1.0552137810066152e+43,5.61189,0.1898297549999998,0.1969233180000005,2.1450324730000005e+44,2.5074077413351903e+42,2.7190795891040103e+42,7.430087768e+44,1.5542191727504683e+43,1.501976348474031e+43
SDSSXCS-395,5.1768,0.1507293269999996,0.1492909479999999,1.90954633e+44,1.69788162167949e+42,2.17476493596524e+42,6.357517412e+44,1.0062297895363301e+43,1.2096977212182972e+43,5.63228,0.1482608069999997,0.153554937,1.169990863e+44,1.12653115368437e+42,1.1197643404492502e+42,4.060854451e+44,6.52290479635588e+42,5.5749081838495006e+42,5.02508,0.1615081769999999,0.1717480560000002,1.5510324860000001e+44,1.73276889621536e+42,2.044095417611e+42,5.0883113670000005e+44,1.0176558348855501e+43,1.0375672399560482e+43
SDSSXCS-944,3.87283,0.1563013369999999,0.1628473959999996,5.232351463e+43,6.4330449179236e+41,7.5938739349546e+41,1.516852273e+44,3.23623180014438e+42,3.1312457481267804e+42,3.68699,0.1378759490000001,0.1444875829999996,2.3775730480000005e+43,3.4915140420511e+41,3.3782432642595004e+41,6.740740237e+43,1.61521397889359e+42,1.44344465295342e+42,3.88647,0.1719821810000001,0.1767658199999999,4.645906385e+43,5.6932083255929e+41,7.487666157543801e+41,1.348990541e+44,3.39029989483763e+42,4.5643876679645707e+42
SDSSXCS-593,2.84453,0.0695164349999997,0.076292564,7.057237514000001e+43,8.0821275143016e+41,6.0866096092610006e+41,1.7907174420000004e+44,1.9577956680122502e+42,3.1215403445292403e+42,3.1322,0.0707123300000001,0.071250225,4.4309825390000003e+43,4.8585189804689e+41,4.6216738849071e+41,1.1693825280000002e+44,1.9664699850186202e+42,1.68266010826906e+42,2.72649,0.0768963770000001,0.0845718139999998,5.809851518000001e+43,7.221814736751901e+41,6.725454266506001e+41,1.4499943550000003e+44,2.69659662770636e+42,3.5041505170409404e+42
SDSSXCS-35404,1.86556,0.1449230410000002,0.1952687469999998,3.014230212e+43,2.5646620519141103e+42,2.99106293288705e+42,6.475570318000001e+43,7.10859191320838e+42,5.699789531494131e+42,1.89777,0.1506759709999998,0.1791684550000001,1.9775801390000003e+43,1.45165881170662e+42,1.5986007653485803e+42,4.272476113e+43,3.61515365907062e+42,5.6419536677244e+42,1.90097,0.1794076609999999,0.2168586009999997,2.411254013e+43,2.32220924646836e+42,1.8029991836893903e+42,5.212323853000001e+43,6.806908875549351e+42,6.07641285347446e+42
SDSSXCS-7190,1.51989,0.107896846,0.1216634869999999,1.201905632e+43,1.87479762952922e+42,1.93071722952438e+42,2.416340977e+43,3.3800314254863e+42,2.83218975123996e+42,2.08272,0.2248784000000001,0.3055303,1.0388680080000001e+43,8.4042548382036e+41,1.03845935397554e+42,2.3150792e+43,2.4857362465003903e+42,2.8070569067360805e+42,1.45022,0.087835345,0.1402235709999999,9.341115751e+42,1.1929904380694202e+42,1.9142748450541003e+42,1.8492036760000002e+43,3.305314815219801e+42,3.31466490269585e+42
SDSSXCS-7783,3.57602,0.048070778,0.0482498289999999,2.7918570570000005e+44,1.63536568252675e+42,2.04006854740253e+42,7.799243747e+44,5.70194668948184e+42,9.02192488418373e+42,3.61143,0.0408008999999998,0.0471980360000001,2.274776445e+44,1.2881291109129301e+42,1.4643039405154802e+42,6.383050290000001e+44,5.984044668768631e+42,4.89627944237787e+42,3.95747,0.0939440699999996,0.093805992,1.450959926e+44,1.2991209054851201e+42,1.5761953360349e+42,4.2453112680000005e+44,5.9698703847741e+42,6.254778482133421e+42
SDSSXCS-5743,3.60514,0.5406148119999998,0.7642168640000002,4.738784294000001e+43,2.7332729634532102e+42,2.96572477949448e+42,1.3209486950000002e+44,1.215228364336115e+43,1.430046047319201e+43,3.18912,0.311508511,0.3733372570000002,2.823973721e+43,1.3162932551841502e+42,1.17849025778473e+42,7.447523049000001e+43,5.18170929629972e+42,4.4212870452200506e+42,4.27106,0.8809746070000002,1.2622350449999995,3.5811450220000005e+43,2.24556575269311e+42,3.25341573148374e+42,1.082261591e+44,1.5721584504172111e+43,1.52675629320644e+43
SDSSXCS-1131,4.2051,0.609718618,0.8820846360000001,6.454445744000001e+43,3.53424992786407e+42,4.6155384185912403e+42,1.9353657540000003e+44,1.9238016771295952e+43,2.530389811378746e+43,4.2449,0.4464176620000004,0.5256480969999995,4.851455315e+43,1.97391566248467e+42,2.1650419442616704e+42,1.4614123670000003e+44,1.0613909115313971e+43,9.701226748606791e+42,4.17532,0.855270779,1.331805451,4.156022148e+43,3.2887126103047104e+42,4.6234146048255507e+42,1.241890518e+44,1.9800561548915622e+43,1.8849873340784462e+43
SDSSXCS-29799,1.60545,0.179321976,0.261155542,1.0258856220000001e+43,2.0591184513320202e+42,2.11128516074411e+42,2.1019758150000002e+43,3.2147959153788703e+42,4.2924454090162806e+42,2.52818,0.4209105499999999,0.6509909660000002,9.703729999000001e+42,1.1765923166365401e+42,1.1573838110758301e+42,2.3225231220000004e+43,2.5966397114441604e+42,4.15700822152094e+42,1.41179,0.2447467780000001,0.2945133809999998,8.200612877000001e+42,1.89976699843228e+42,1.5513316042202702e+42,1.610296714e+43,3.8845570463614805e+42,4.0790981379134905e+42
SDSSXCS-852,5.01892,0.1568163659999992,0.1624740730000002,1.061233505e+44,8.1369411334246e+41,1.0659269614561301e+42,3.4753644020000003e+44,6.785244354419171e+42,4.6668648090671704e+42,,,,,,,,,,5.02346,0.175798275,0.1840902240000002,9.120544387000001e+43,9.7297287933668e+41,9.416172968366802e+41,2.9881333690000002e+44,7.35510248129406e+42,5.92561799555507e+42
SDSSXCS-5830,2.01708,0.153398536,0.1881059280000001,1.4942211980000002e+43,2.3073941506663004e+42,1.49620375584706e+42,3.3583707850000005e+43,3.98467175175957e+42,4.9253337651482606e+42,2.08254,0.1597640209999997,0.185564389,8.415649433e+42,8.2909910618637e+41,6.7611368543757e+41,1.911014683e+43,1.9733160197370303e+42,1.92718555151345e+42,1.89552,0.1714416460000001,0.2350204889999998,1.133766463e+43,1.49147748478419e+42,1.8051910891696e+42,2.498747221e+43,4.0149449775655306e+42,3.5974816556582604e+42
SDSSXCS-5977,2.70892,0.395642236,0.534950501,2.4523660010000003e+43,1.8286624200486602e+42,2.8006083913050803e+42,6.095469394000001e+43,6.89843417791105e+42,1.0568529843444221e+43,2.92583,0.319145459,0.3659714210000002,1.870526964e+43,1.07620628315335e+42,1.04037051291571e+42,4.793067619000001e+43,4.36854121479202e+42,3.6033577625168106e+42,3.02623,0.5434707830000001,0.997677038,1.631902048e+43,1.81443310245845e+42,2.7161600505461002e+42,4.2397671780000007e+43,8.559897981746111e+42,9.18002150295796e+42
SDSSXCS-16227,2.93487,0.4400371299999999,0.5776910799999997,3.6243188300000002e+43,2.5707164079373002e+42,3.0925091555862904e+42,9.260584588e+43,9.03665421379542e+42,1.3247111751420272e+43,2.74518,0.3476786719999998,0.4257423120000001,2.1208470430000002e+43,1.2858383000744701e+42,1.3136518357371002e+42,5.275132977000001e+43,5.24057757179376e+42,4.4079861943856e+42,3.57227,0.7208341329999999,1.2485089959999995,2.6317265250000004e+43,2.2665833751788402e+42,2.2554883274907303e+42,7.321697408000001e+43,1.240519783859467e+43,1.21319288491722e+43
SDSSXCS-2984,3.36216,0.2459311319999999,0.2793456540000001,3.821656031e+43,9.390205265138001e+41,1.1147438230858102e+42,1.0402136740000003e+44,4.7275440377578e+42,5.91066185004443e+42,,,,,,,,,,3.26948,0.2503318450000003,0.294418222,3.4045388760000003e+43,8.636992405237101e+41,1.09538134855993e+42,9.156164432e+43,5.27248847656776e+42,4.9333974043472403e+42
SDSSXCS-6955,2.18077,0.2565183499999999,0.349346804,2.466380776e+43,2.5971210957617302e+42,2.4622525407301004e+42,5.646747226e+43,8.61834484657046e+42,9.1055222372097e+42,2.6995,0.2879012310000002,0.3544326820000001,1.9670610300000001e+43,1.3660379193516301e+42,1.4325172602897302e+42,4.865774251000001e+43,3.59497172766032e+42,5.23666164142773e+42,2.26534,0.3495127320000002,0.445345799,1.917304359e+43,1.67750912445199e+42,2.6509847937366302e+42,4.447190255e+43,7.67186794296241e+42,7.6158450676348e+42
SDSSXCS-64824,2.30063,0.1479589670000001,0.1749618449999999,1.8393652290000003e+43,2.3702130997229405e+42,2.31778638919843e+42,4.2465518300000004e+43,5.324860590260041e+42,5.757912458610381e+42,2.34431,0.1130472230000001,0.128618248,1.6443793700000002e+43,1.5513100752647903e+42,1.35675310668533e+42,3.8225055070000005e+43,4.08457690677266e+42,3.11268148673648e+42,2.14484,0.1544950209999998,0.1930447320000001,1.3314075940000002e+43,2.65659437453134e+42,2.4281110987176e+42,2.997956528e+43,5.8252261253802e+42,5.4380187962678305e+42
SDSSXCS-8366,1.59466,0.157064251,0.2485380569999999,9.516783e+42,2.98219239312566e+42,3.03532640715343e+42,1.948103838e+43,5.612999454744281e+42,7.026277912145861e+42,1.75143,0.167749297,0.2567286150000001,5.857733455e+42,1.2834071169846001e+42,1.59831580306489e+42,1.2356119240000002e+43,2.6223064476945803e+42,3.7162907654628803e+42,1.67127,0.213181934,0.3878992159999999,7.789040846e+42,3.43964740823262e+42,2.66896073387767e+42,1.6185199740000003e+43,7.0406422656963e+42,7.731654476377451e+42
SDSSXCS-120,4.68251,0.0832425509999996,0.083357716,1.5302812550000001e+44,1.2030270074523601e+42,1.5427264100606803e+42,4.840345019e+44,5.17360201486264e+42,5.55962484029671e+42,,,,,,,,,,4.48542,0.0889100020000004,0.0890855259999998,1.259260609e+44,7.661496391203601e+41,1.3875467574785302e+42,3.901278279e+44,5.295011442481071e+42,5.900408936204231e+42
SDSSXCS-572,3.91913,0.0427124120000002,0.042887249,3.205294053e+44,1.4404458218185702e+42,1.8037402297237502e+42,9.312394317000002e+44,5.619129431675e+42,8.76576300213911e+42,4.01257,0.0360326670000001,0.0361612739999994,2.705697338e+44,1.1312823919819001e+42,1.2320087077510501e+42,7.948031913000001e+44,5.76864823399985e+42,4.579399677992431e+42,4.26421,0.0830389790000003,0.0879720480000001,1.5092431060000001e+44,1.0501914367316901e+42,1.3833761321735002e+42,4.5625688320000006e+44,6.37261916998002e+42,6.773835890026501e+42
SDSSXCS-226,7.60997,0.222116637,0.2356889550000005,3.863216853e+44,3.44370939754804e+42,2.91448073743775e+42,1.55071636e+45,2.0686288147500012e+43,2.0010181704285074e+43,7.63464,0.1832546989999999,0.2171436709999996,3.0506064100000002e+44,2.4078699998750802e+42,2.2723450905826502e+42,1.2264481840000001e+45,1.557204003879272e+43,1.3357139581771623e+43,7.50402,0.314354861,0.3186858020000001,2.492571859e+44,3.33362123331896e+42,2.56180033354919e+42,9.938169882000002e+44,2.5162268989501543e+43,2.0523829096785822e+43
SDSSXCS-22,5.92559,0.0661885409999998,0.0662474380000004,3.8832636810000004e+44,1.61779456786296e+42,2.8257449488676004e+42,1.37807857e+45,1.0543099580819551e+43,9.19150176434904e+42,6.13244,0.062246376,0.0646958570000002,3.0698649240000003e+44,2.04501380433571e+42,1.6499891951108703e+42,1.1077639680000002e+45,8.770308182556702e+42,7.129101754024731e+42,5.85424,0.1057287069999999,0.1047834960000004,2.172677748e+44,2.2534583727353302e+42,1.59727602934586e+42,7.66544246e+44,9.425164035265851e+42,7.859283639799731e+42
SDSSXCS-103,3.27464,0.0886034540000002,0.0906954409999998,5.588177366e+43,8.316912220262002e+41,6.4699153663543006e+41,1.5022560700000002e+44,3.353979612847191e+42,3.32442212413269e+42,3.40947,0.0846569779999999,0.090791024,2.5965312600000004e+43,5.816307135775001e+41,3.4815213284404003e+41,7.103641982e+43,1.55437020215187e+42,1.7534600583166802e+42,3.26775,0.0927317749999998,0.0967985609999999,5.078029200000001e+43,8.203433682686501e+41,1.00792784786227e+42,1.363882017e+44,3.341510949726971e+42,3.11012987576174e+42
SDSSXCS-212,3.20782,0.1397158709999999,0.1426539520000003,5.552582135e+43,8.9040264771803e+41,1.0705478208981001e+42,1.48020618e+44,3.2818830092177304e+42,3.56644892732486e+42,3.04882,0.1093020570000002,0.1185854859999997,3.0585708340000005e+43,5.4940500422145e+41,4.9239420304039e+41,7.981861901000001e+43,2.1404636570558502e+42,1.90185371161456e+42,3.40535,0.1872734979999997,0.1906193700000003,4.251821982000001e+43,8.208008745612302e+41,1.06141882593126e+42,1.1630033170000002e+44,3.633941742698571e+42,5.2601346533425706e+42
SDSSXCS-19922,1.65737,0.149359843,0.231576132,1.3636138880000003e+43,1.5005263528165503e+42,1.7458840053048103e+42,2.82328298e+43,3.5870407295595904e+42,3.6574767390748405e+42,1.99945,0.2407794709999999,0.3552336130000002,7.781212733e+42,7.292285380266001e+41,8.073296236300601e+41,1.7124517300000002e+43,2.034237106083e+42,2.1208713406023103e+42,1.65079,0.173065118,0.3053060789999999,9.845935280000001e+42,1.5871278522857703e+42,1.50084281193771e+42,2.035994443e+43,3.18003235684438e+42,4.1093918628419403e+42
SDSSXCS-890,4.7887,0.2005020860000002,0.2214829849999997,1.6667456060000002e+44,2.3335100997815404e+42,2.5690160162523504e+42,5.333320038e+44,1.088099999591594e+43,1.0950198983836021e+43,4.72312,0.1544928460000001,0.1586846670000001,1.3148581340000002e+44,1.8801096264808004e+42,1.2749310977733802e+42,4.178828850000001e+44,1.0611053780776501e+43,6.70163560191218e+42,4.94636,0.2937152530000002,0.3142744449999997,1.085161009e+44,2.14147368710517e+42,2.1748800365335604e+42,3.528066326e+44,1.3399491038295343e+43,1.203686844849498e+43
SDSSXCS-31,9.07558,0.1585362230000004,0.185536922999999,8.382540474000001e+44,8.949533926666601e+42,1.6330796765593942e+43,3.674254947e+45,6.771130046218836e+43,6.884805478430217e+43,9.52832,0.1424717620000013,0.1434225319999988,6.258857793e+44,1.093914318355107e+43,8.53690386442311e+42,2.80511804e+45,5.64553719214486e+43,5.702559595743102e+43,8.77107,0.1982239159999999,0.1944545380000004,5.839239842e+44,1.5395939694882542e+43,1.1294615746822672e+43,2.51881599e+45,6.454583727364383e+43,5.240527895315304e+43
SDSSXCS-325,3.10971,0.149629972,0.1544296219999998,5.144924873000001e+43,6.6625455378029006e+41,9.833876332989402e+41,1.3470038820000003e+44,3.2229872450202597e+42,4.30559052672463e+42,3.57291,0.1493730569999996,0.1468636720000002,3.2335851270000004e+43,4.9320904631458e+41,5.8615729358074006e+41,8.998160489e+43,2.21134202317596e+42,2.3168712246798104e+42,2.97283,0.1557599390000001,0.1691018939999997,4.398053459e+43,7.4638577524133e+41,8.1644407517011e+41,1.129928547e+44,3.3212575458593106e+42,4.5723944374499506e+42
SDSSXCS-26424,1.00147,0.1029199260000001,0.2033084649999998,3.51622223e+42,4.1162184123016e+41,3.8807125564045e+41,6.058436355e+42,7.611607906620301e+41,5.0912752762549005e+41,1.66079,0.15422866,0.195509058,2.294464044e+42,1.808001657256e+41,2.1564195085559005e+41,4.822660494e+42,4.182415066982201e+41,6.2289346965995e+41,0.972225,0.1312399088,0.1049714169999999,3.2038893870000005e+42,4.2192198576350005e+41,2.4010969268921005e+41,5.4509189500000006e+42,8.9401483442315e+41,5.8617199747158005e+41
SDSSXCS-5159,3.34455,0.164651976,0.202537344,1.615736897e+43,2.0819791070516e+41,4.650294010325801e+41,4.391528352e+43,1.23327279234083e+42,1.95404302301553e+42,2.37967,0.0611053859999999,0.0712415029999999,7.440818388000002e+42,1.4543017493528e+41,1.0660138193154002e+41,1.7709283840000003e+43,3.1830322501056e+41,4.7404378519783e+41,4.06299,0.2539837679999999,0.3407467439999996,1.1868552090000002e+43,4.1096565062301004e+41,3.6634182953339006e+41,3.5179589280000005e+43,1.5466431206875003e+42,1.6477614897176503e+42
SDSSXCS-9803,3.91299,0.068126581,0.0674204889999998,4.4637127530000004e+44,3.1772267736636506e+42,4.25037409891506e+42,1.2976682270000001e+45,1.2315777543539072e+43,1.9556524948425231e+43,4.20196,0.0615496939999999,0.062027531,3.82126902e+44,2.6317575254388e+42,2.98085249354944e+42,1.148905572e+45,1.39818258007426e+43,1.139324140069007e+43,3.85895,0.1131527569999999,0.121304909,2.01637336e+44,2.54478068223322e+42,2.9574389384420406e+42,5.824200747000001e+44,1.0476425575133441e+43,1.148968290242243e+43
SDSSXCS-1884,4.09403,0.4479259849999999,0.4900660160000001,8.603116857000002e+43,4.083110850981541e+42,2.93345378710305e+42,2.5552142750000002e+44,1.4355402712620662e+43,1.9512777542388822e+43,4.39377,0.3988979299999999,0.4620244600000003,5.733386167000001e+43,2.1771535610344302e+42,1.9238370436505703e+42,1.7612699210000003e+44,1.0279701359001411e+43,8.89488965363396e+42,3.84336,0.5072616679999999,0.6039031690000001,6.566451395000001e+43,3.1661268382583407e+42,4.04524917495476e+42,1.8933026660000004e+44,1.8557957776063532e+43,1.8392366146173432e+43
SDSSXCS-5,5.49119,0.0850897009999993,0.0831556340000005,2.326022352e+44,1.58911616695775e+42,2.0453456570155004e+42,7.952632031000002e+44,7.41083422374958e+42,9.377909918026351e+42,5.69481,0.0716646230000002,0.0748848909999999,1.660436568e+44,1.62760032704504e+42,1.6207380657560703e+42,5.778056360000001e+44,5.05065667630512e+42,5.76815243797274e+42,5.16217,0.1061173439999993,0.1107831060000004,1.4894701050000002e+44,2.0911492447561e+42,1.78754824079156e+42,4.941896525e+44,7.00191681469677e+42,7.592353614080991e+42
SDSSXCS-13,7.11874,0.1415720589999995,0.1448558460000004,4.572643872000001e+44,2.3046205139268103e+42,2.71329490551217e+42,1.778336293e+45,2.0358804012590502e+43,1.2870273668290942e+43,7.22578,0.1275658110000002,0.1559662639999999,3.4587680280000006e+44,1.9872111543673e+42,1.93795938885756e+42,1.3549377260000001e+45,1.2700686954794282e+43,1.1484601945507143e+43,6.87751,0.188604304,0.1990281259999999,3.109990937e+44,2.3103605443175703e+42,1.9682345358166402e+42,1.189770632e+45,1.848463041651543e+43,1.526626954993389e+43
SDSSXCS-5225,2.77914,0.049697745,0.0499266249999998,1.230337407e+44,9.983734810986702e+41,1.1550860913397301e+42,3.0812383150000002e+44,2.93748235760193e+42,4.2233301774005207e+42,2.66314,0.0344710149999998,0.0345867580000001,1.048372193e+44,7.644771474975301e+41,6.8895250494144004e+41,2.582273731e+44,2.4398735296494503e+42,2.1626200348359003e+42,3.25202,0.1010599679999999,0.1080765000000001,6.333533323000001e+43,7.279172495412e+41,8.8763581321287e+41,1.692922315e+44,2.76252826132832e+42,4.32038484246053e+42
SDSSXCS-21,6.34298,0.1175639379999999,0.1179077380000004,2.9690130570000003e+44,2.22324413020763e+42,2.6159174279454403e+42,1.0942452080000002e+45,8.674426185205361e+42,1.4712854980339812e+43,,,,,,,,,,6.23119,0.1249908340000001,0.1251279890000001,2.716222909e+44,2.3332522502591004e+42,1.51296861099075e+42,9.921588049000002e+44,1.0400165445612522e+43,1.324698792600712e+43
SDSSXCS-23,3.53183,0.1775666369999999,0.2045599040000003,7.376182004000001e+43,1.3499228943126202e+42,1.76772823679411e+42,2.0366505460000002e+44,8.502432785803001e+42,4.48882542302565e+42,3.53087,0.1392033240000003,0.1505013559999999,4.504597301e+43,6.8104065236236005e+41,9.1420807684034e+41,1.243617872e+44,4.10387035529506e+42,2.4010010586297302e+42,3.49895,0.2009145589999996,0.2296206200000003,6.269325132e+43,1.3452053040765901e+42,1.9480985705732304e+42,1.7236213970000002e+44,6.49911206390265e+42,6.839871934895481e+42
SDSSXCS-617,4.29531,0.4830391469999999,0.6266354590000001,4.890892403e+43,1.9965498556721703e+42,2.3343144573238702e+42,1.4818318680000001e+44,9.599808832764161e+42,1.2049921768845172e+43,4.46413,0.5683656689999999,0.7383879379999998,1.9352373580000004e+43,9.2885933717737e+41,8.2248732900881e+41,5.975314470000001e+43,4.3442432097900106e+42,4.3667969763005005e+42,4.37364,0.536281201,0.6171099829999998,4.744762384000001e+43,1.85213919136542e+42,2.02309754078297e+42,1.4503203530000001e+44,1.1043135526195731e+43,9.97927597081226e+42
SDSSXCS-6245,1.99524,0.1738206029999998,0.222350225,1.3104366980000002e+43,1.1549750518851801e+42,7.5583904402196e+41,2.9307441730000004e+43,3.364404001871301e+42,2.99663646303723e+42,1.90102,0.1284288229999999,0.1890439989999999,7.320496185000001e+42,5.1666840399764005e+41,3.8981101058125e+41,1.6124341770000003e+43,6.7567127387588e+41,1.2554650335132701e+42,1.98663,0.2155180869999999,0.2998746379999999,9.806428783e+42,6.0745860120359005e+41,1.0193093819777001e+42,2.190156894e+43,1.60530921258964e+42,2.31371461619211e+42
SDSSXCS-21847,1.78236,0.077112171,0.085011181,6.542593236e+42,1.0838353369060901e+42,1.3638730404693501e+42,1.408770288e+43,3.0138158309114604e+42,4.27659150632835e+42,2.03823,0.07439009,0.0765357789999998,5.37095067e+42,7.1923017980033e+41,6.5454816020198e+41,1.206460259e+43,1.59353609386314e+42,1.83749943012908e+42,1.66763,0.0737803729999999,0.0838302740000001,5.637263294000001e+42,1.03897767663529e+42,1.3816021542153901e+42,1.1889985100000001e+43,3.3158994526915104e+42,2.5606153279366102e+42
SDSSXCS-22748,2.26783,0.2535369150000002,0.3885987640000001,3.9231493880000003e+43,2.14184654666491e+42,3.4506755938537e+42,9.020552794e+43,9.050766331602941e+42,5.139561813010811e+42,2.07977,0.1808799129999998,0.2181176719999999,2.4430972510000004e+43,1.52318164530715e+42,1.33690522058497e+42,5.449223433e+43,3.9188560113794104e+42,3.98420800472709e+42,2.25693,0.273834917,0.424250539,3.5035527910000006e+43,2.4800064999041202e+42,2.86155660421711e+42,8.041793947000001e+43,8.787241524796781e+42,7.50637024928426e+42
SDSSXCS-9,4.42781,0.4412290689999998,0.500496966,1.2824903290000002e+44,4.6230704135101004e+42,5.994815369589001e+42,3.9430546470000004e+44,2.2788612740663583e+43,2.9664483843165963e+43,4.67972,0.4113845299999994,0.4656435000000005,8.208093638000001e+43,2.8116319838599004e+42,2.7698494630605202e+42,2.5941513530000003e+44,1.4909916205426772e+43,1.1803852798146971e+43,4.43339,0.5484499980000002,0.6884323969999997,9.309724758e+43,4.7880013964126303e+42,5.2665812629711406e+42,2.8640875270000004e+44,2.4754224657280673e+43,2.2469481067911403e+43
SDSSXCS-8060,3.38053,0.0800437499999997,0.101555394,2.5948913940000004e+43,3.3538651240255005e+41,3.5029723668623e+41,7.086173838e+43,1.0604368230156202e+42,1.1511856147738501e+42,3.10666,0.0535184910000001,0.0523127939999996,1.4500384480000001e+43,1.8594718155858e+41,1.4205109359299001e+41,3.8209698350000004e+43,6.5175625008876e+41,5.289256655152701e+41,3.60058,0.1247882379999998,0.1529512780000002,1.8064795770000002e+43,2.8724592736078002e+41,3.2638019434554e+41,5.071062830000001e+43,1.35442429388342e+42,1.22981950337071e+42
SDSSXCS-15984,6.17322,0.0962620279999999,0.0948707780000006,4.075526665000001e+44,1.9149001805223903e+42,2.5064196918813602e+42,1.4779860450000002e+45,1.126457556726318e+43,1.5299180405198882e+43,6.06746,0.0765422319999995,0.0821609780000001,3.2768117220000004e+44,1.44544076638344e+42,1.6220712459878702e+42,1.1784606810000001e+45,9.135408401732261e+42,8.161226357693721e+42,6.36757,0.1398027319999997,0.1533927010000004,2.458866348e+44,1.77762369140877e+42,1.9267791195928e+42,9.051829249000001e+44,1.1104958980381162e+43,1.0973100461689031e+43
SDSSXCS-75,8.76523,0.9268129880000008,0.9334971769999996,2.1053027360000004e+44,4.446617549316391e+42,5.605179386936441e+42,9.074678404000001e+44,4.905470882034788e+43,3.2436144479334854e+43,6.77872,0.4061672669999998,0.4370729000000004,1.3314948050000001e+44,2.8425614763621104e+42,3.1626185794732106e+42,5.072874830000001e+44,1.8332998448161263e+43,1.5709742719470741e+43,9.63794,1.082145163,1.2948047999999996,1.7218371650000001e+44,5.13085545035544e+42,4.79891909181266e+42,7.752999347e+44,5.514198756320872e+43,4.1467905269984745e+43
SDSSXCS-667,5.93233,0.0206890840000006,0.0207038739999996,1.180417542e+45,2.6043974839520305e+42,3.26846397891325e+42,4.204352909e+45,1.306823729651714e+43,1.207453143495853e+43,,,,,,,,,,6.72174,0.0421215189999992,0.0421522520000001,5.4084272530000005e+44,2.2756911643057802e+42,2.24578935618475e+42,2.0506792950000002e+45,9.28718691512578e+42,1.185550910642406e+43
SDSSXCS-9258,2.20985,0.1592402979999998,0.1843813810000001,1.2494333770000001e+43,5.273239705169001e+41,4.4507264369987e+41,2.8942408390000003e+43,1.0586697615189402e+42,1.95716829972689e+42,2.23807,0.1316539909999998,0.150885219,7.224929611e+42,2.1018898447535e+41,2.3374340790149e+41,1.680765846e+43,7.059671722771601e+41,7.069335417611701e+41,2.19318,0.1840992049999998,0.2233047109999999,9.944990956e+42,4.161984159359701e+41,4.9159186520902e+41,2.2978935610000003e+43,1.68292427230697e+42,1.5074008306847202e+42
SDSSXCS-1628,3.73117,0.0266748840000001,0.026735211,3.3265422310000003e+44,1.1241277034628201e+42,1.64255372603212e+42,9.481261354000002e+44,6.20249952145322e+42,6.75207899702059e+42,3.65043,0.0224655010000001,0.0255779889999998,2.7061615570000005e+44,1.73900765370895e+42,1.1203243984102502e+42,7.637828984e+44,4.678878203069821e+42,5.314105001629791e+42,4.61624,0.0699561610000003,0.0697355579999996,1.522690876e+44,1.3183688650882702e+42,1.59714985202009e+42,4.791266009000001e+44,4.66897839862273e+42,5.87481123992796e+42
SDSSXCS-7405,3.07299,0.163757313,0.1773216190000002,3.3380269180000003e+43,7.7454337232307e+41,8.6827016015314e+41,8.745089981000001e+43,2.6737396647461202e+42,2.85070868723039e+42,2.8248,0.1169285280000003,0.1300982409999997,1.6600477680000002e+43,3.1307012204735004e+41,3.3669611556594006e+41,4.2036135190000007e+43,1.39470376841305e+42,1.1608699134231701e+42,2.98455,0.1678638390000002,0.184634543,2.973419456e+43,6.4148246039729004e+41,6.7279633169738e+41,7.696994067000001e+43,2.69349827759596e+42,3.6791077762169705e+42
SDSSXCS-47,3.9884,0.2120547610000001,0.2324847570000003,9.895573806e+43,2.1922020275851404e+42,2.5105635520987302e+42,2.8962770600000003e+44,9.197906824860562e+42,8.37362916451901e+42,3.56621,0.1588586539999998,0.1716606739999999,5.920185221000001e+43,1.20356445738827e+42,1.0851265749603702e+42,1.645411712e+44,5.1745354104682803e+42,4.63441406888038e+42,3.91279,0.2230329240000004,0.2438333759999995,8.888264135000001e+43,2.5615429342977302e+42,1.40291359515191e+42,2.5782072880000005e+44,1.037831557849353e+43,9.08240802601794e+42
SDSSXCS-7416,2.07345,0.1886870439999997,0.2575077250000004,1.438118759e+43,1.3074459835128101e+42,1.77471302535526e+42,3.202812369e+43,4.70274829144646e+42,4.581912782544171e+42,2.11482,0.1550164979999999,0.1931584559999999,8.558427631e+42,8.578136196549402e+41,9.2827962432515e+41,1.919031078e+43,1.8677291816364202e+42,2.4612954357361504e+42,1.91224,0.160624984,0.210781987,1.3110508120000002e+43,1.6427952075991002e+42,2.0155933881789702e+42,2.841513738e+43,4.23793116203881e+42,4.47090278306333e+42
SDSSXCS-2588,2.29342,0.3217938259999997,0.4183452680000004,3.080159339e+43,2.43718869261674e+42,3.7437587335792903e+42,7.183431471000001e+43,8.07584472216074e+42,6.441797206127081e+42,,,,,,,,,,2.2349,0.3361040830000001,0.453245366,2.8344178180000003e+43,2.1874720256053e+42,3.0309753630958503e+42,6.551430745e+43,9.534048518649861e+42,7.20396990941995e+42
SDSSXCS-298,4.92738,0.0615195609999998,0.0615909749999996,2.152190024e+44,8.091386670518102e+41,1.04395126707484e+42,6.987892438000001e+44,4.642449831557591e+42,4.2544249173901105e+42,4.97311,0.0531197460000001,0.0533796830000001,1.4771590610000003e+44,4.9747923609356e+41,6.373286098098501e+41,4.817594264e+44,3.30426008227868e+42,2.63782468637716e+42,4.88758,0.0767377489999994,0.0750060519999999,1.722066835e+44,8.890284090469602e+41,7.2681016418082e+41,5.569604138000001e+44,4.4972897428024103e+42,5.29953127866539e+42
SDSSXCS-10897,1.21717,0.119991932,0.1435231079999999,3.5848102070000003e+42,1.8233739997383504e+42,9.770349053059801e+41,7.223159141e+42,3.9032518294003204e+42,2.86360688293222e+42,1.22866,0.0695532110000001,0.1049737009999998,1.4002160790000003e+42,2.4334185449115006e+41,4.1478196374663e+41,2.6552197680000002e+42,6.0754559848338005e+41,7.725837034276901e+41,1.21774,0.1278992890000001,0.221926735,8.816757131e+41,6.387120949174701e+41,9.359498413595402e+41,1.666071354e+42,1.1438525892028602e+42,1.16063144675191e+42
SDSSXCS-3746,3.79649,0.1500160039999998,0.2062797839999999,2.3413560470000004e+43,4.9765074589354e+41,5.5031783086217005e+41,6.727327783000001e+43,2.5266436629236e+42,1.94790478494432e+42,2.43329,0.0530352089999999,0.05867368,1.1001402650000001e+43,1.6514358676888003e+41,1.9353884280713003e+41,2.6368538450000004e+43,4.8503686234482005e+41,2.9968552986494005e+41,4.45421,0.2768054929999994,0.2615266959999998,1.766142872e+43,4.7124829457353e+41,4.3775976297259004e+41,5.462378372e+43,2.6103047350783002e+42,1.7695933588255e+42
SDSSXCS-189,7.72055,0.4914582540000003,0.537886853999999,5.122395234e+44,1.075796498019061e+43,1.133190333035885e+43,2.0847243150000003e+45,8.44574101324903e+43,6.401099227918742e+43,7.94601,0.4498250630000004,0.4872142209999994,3.3228127520000002e+44,6.55136662378356e+42,6.35745714351964e+42,1.3712992150000001e+45,4.725573078965556e+43,3.9779108974642095e+43,7.56495,0.497518533,0.606905449000001,4.336269631000001e+44,7.83879622286611e+42,7.912451623819191e+42,1.747044871e+45,7.197961837018519e+43,6.49957726614104e+43
SDSSXCS-4245,2.37122,0.2115374349999998,0.2702087079999997,1.8424158390000002e+43,7.8434509408549e+41,8.047803675998501e+41,4.368081215e+43,3.5014371656797204e+42,3.36210869211692e+42,2.8303,0.1847205559999998,0.1996735000000002,1.265055525e+43,4.3272505082580004e+41,4.028195907614901e+41,3.2035932280000004e+43,1.9577742340318402e+42,8.9677896063469e+41,2.30988,0.2697522650000001,0.3520711699999999,1.296059396e+43,5.4537458089651004e+41,7.498050757174102e+41,3.0449070490000004e+43,2.87273385390951e+42,3.20777036218887e+42
SDSSXCS-408,6.80824,0.024827557,0.0221592900000002,3.957049459e+44,8.911966488842e+41,1.00036224112446e+42,1.4977107620000002e+45,3.66624337087852e+42,4.1442799728482706e+42,,,,,,,,,,6.64963,0.0366158329999999,0.0366169669999996,2.2471288610000004e+44,6.198965021750601e+41,7.6915267608155e+41,8.411336241000001e+44,3.68490975039709e+42,3.87368896191072e+42
SDSSXCS-10401,1.80721,0.075747389,0.09385273,1.8966115710000002e+43,7.0778964865958e+41,6.4172475800724e+41,4.1185251600000005e+43,2.0427669340597503e+42,1.52854524359992e+42,1.87573,0.0734847059999999,0.0778907050000001,1.345143802e+43,3.574660577683401e+41,3.4316374555084005e+41,2.9547286630000006e+43,8.5607122808167e+41,9.9021112388541e+41,1.80058,0.0869793199999999,0.1104510579999999,1.5666654560000002e+43,8.987804932613e+41,6.3251181708054e+41,3.3980971620000004e+43,1.58807294209673e+42,1.76512192768798e+42
SDSSXCS-58896,1.44554,0.208557348,0.313701005,6.345282957e+42,1.40391283118106e+42,3.0118675085446203e+42,1.256191909e+43,3.02420248947714e+42,4.1144942203825605e+42,1.44875,0.1351103,0.240603402,5.5007788730000004e+42,7.6358340030873e+41,9.4002842289819e+41,1.089805079e+43,1.58712008821031e+42,2.9506093416020504e+42,1.3659,0.1781672289999998,0.3160419520000002,4.8082781140000007e+42,2.3383053793570302e+42,1.7471389290766802e+42,9.335639667e+42,3.463277292912751e+42,3.81184106078434e+42
SDSSXCS-474,1.58754,0.1117694449999999,0.157639458,3.674542976e+42,8.3170963882599e+41,1.13454343253835e+42,7.609658257e+42,2.3985820461719402e+42,2.2117718063878003e+42,1.53365,0.082273448,0.104422193,4.4912012940000007e+42,3.1881726393599004e+41,4.4427612266069006e+41,9.200429336000001e+42,8.1561380056418e+41,1.06329549668049e+42,1.65359,0.142410441,0.184497318,3.2169892500000004e+42,1.0775653307929901e+42,1.1489530033331502e+42,6.748917319e+42,2.40311827074303e+42,2.2299120819670103e+42
SDSSXCS-7247,0.871469,0.1732073315,0.2656305519999999,2.5793981250000004e+42,5.2481994913772005e+41,5.2540156830002e+41,4.20571421e+42,1.01768522092707e+42,1.1606495985737602e+42,,,,,,,,,,1.11183,0.3563138118000001,0.1755642149999998,3.051441566e+42,4.6611621257503e+41,7.050050660849601e+41,5.506476589e+42,9.874252304120602e+41,7.973258056582901e+41
SDSSXCS-19467,6.07138,0.617812883,0.7779307419999997,9.681514673000001e+43,3.19266626470455e+42,3.409041071158181e+42,3.4930756120000006e+44,2.2261972042941022e+43,1.254533155268727e+43,,,,,,,,,,6.95228,1.16373206,1.1841691969999992,5.582138859000001e+43,3.5127077708674206e+42,2.6632704283979502e+42,2.156622647e+44,2.5760531613325673e+43,2.273134722597169e+43
SDSSXCS-455,4.83981,0.1828569849999999,0.1990636209999996,2.355697307e+44,2.63607401753109e+42,2.91247068953729e+42,7.574151508000001e+44,1.9552324701146692e+43,1.1341544634174422e+43,4.9196,0.1451079110000002,0.1474191249999998,1.704691861e+44,2.2361071188069402e+42,2.1517242814399102e+42,5.5258730230000005e+44,1.1260735671761992e+43,1.021755140272833e+43,5.11113,0.2685569430000001,0.2998523300000002,1.6319467910000001e+44,3.970535278991201e+42,3.1028470748510306e+42,5.393404708000001e+44,2.1573254637102443e+43,1.5620812743120712e+43
SDSSXCS-1174,4.45198,0.732429346,0.8150421940000001,3.681045247e+43,1.87065688344513e+42,2.23941393380293e+42,1.137274459e+44,1.2154197153883783e+43,7.25795095204371e+42,4.4543,0.4044954189999998,0.4709202939999999,2.584827361e+43,1.25132220955627e+42,1.1732533253148002e+42,7.987929052e+43,5.83946068969484e+42,4.916185442039111e+42,4.26757,0.7702174610000001,1.0417999299999998,2.8506003279999998e+43,3.2631932847341405e+42,2.2601906251245303e+42,8.631143143000001e+43,1.400490109908349e+43,9.142545914329581e+42
SDSSXCS-608,3.26097,0.6971089799999999,0.7832830290000001,2.6524684090000005e+43,1.70130583711922e+42,1.89246954634285e+42,7.117881866000001e+43,8.192843639823621e+42,8.219990084878041e+42,3.31453,0.428389058,0.536704759,1.757975526e+43,1.1423568221086602e+42,1.1449468568034701e+42,4.750676796e+43,4.9276939204148804e+42,4.4215216827991e+42,2.70423,0.5039972379999997,0.918505487,2.345747578e+43,2.2769529019187804e+42,1.89804171297377e+42,5.832750167e+43,8.375977710153331e+42,6.137420471843531e+42
SDSSXCS-1645,4.95733,0.1761709160000002,0.172630754,1.211075513e+44,1.31536105614916e+42,1.30565561022317e+42,3.946364403e+44,7.883960889021451e+42,6.872866722094751e+42,5.04699,0.1344846259999998,0.1388262569999998,7.612254396e+43,8.9993164808588e+41,9.7217846456822e+41,2.5025174170000002e+44,4.75829307666045e+42,4.375621825999481e+42,4.75266,0.1972813569999996,0.2245265280000001,9.356471691e+43,1.68843169172351e+42,1.3108929341430202e+42,2.9865627570000003e+44,8.892503647702991e+42,6.72869855211562e+42
SDSSXCS-225,4.55336,0.0861044749999999,0.1052040210000004,2.091207516e+44,1.18699655990344e+42,1.3652843568308802e+42,6.537589996000001e+44,7.69094361166009e+42,5.657398540580111e+42,5.15444,0.1183185140000002,0.1186918009999997,1.0511702610000001e+44,1.0001724656719902e+42,1.06343534500697e+42,3.4919793850000005e+44,5.35256104438804e+42,4.76268186937774e+42,4.4694,0.0918279490000006,0.0921441649999996,1.915629344e+44,1.9470117475e+42,1.54749864686885e+42,5.9346928790000006e+44,9.27537796029959e+42,6.53849519011392e+42
SDSSXCS-9313,3.14938,0.1311780539999998,0.1425357550000003,3.195214025e+43,7.561362447935301e+41,5.895253769324601e+41,8.412027723000001e+43,3.1587495149099405e+42,2.7713548876455102e+42,3.55151,0.1332225579999999,0.141950451,1.7571983650000002e+43,3.3055923290814006e+41,3.611544513213901e+41,4.877464175e+43,1.0438047228041301e+42,1.56268208744142e+42,3.12238,0.1462425350000002,0.1557567049999999,2.7625735660000003e+43,7.1281473603002e+41,8.196753344517401e+41,7.246372515000001e+43,2.35902712344826e+42,1.98830859969147e+42
SDSSXCS-286,7.98573,0.4072520349999999,0.4643860809999989,4.462684295e+44,7.318928171028941e+42,7.63348374253905e+42,1.843291798e+45,6.951142802704147e+43,4.554744905099403e+43,7.86475,0.3337023720000003,0.3619778550000001,3.2614290360000004e+44,4.65316254795288e+42,4.50243034989717e+42,1.3371947900000001e+45,3.08189128053749e+43,2.549151520245996e+43,7.57402,0.4811197490000003,0.5333976930000004,3.1160241490000002e+44,8.32156180326492e+42,6.41571797811385e+42,1.254440309e+45,4.0121815266199103e+43,3.5460736245330935e+43
SDSSXCS-2347,3.90695,0.2902279110000001,0.2859683359999998,5.556955136000001e+43,1.32834381521284e+42,6.301760336364601e+41,1.615353374e+44,5.4577925082946806e+42,6.02615267978821e+42,4.94563,0.3013705940000006,0.295153365,3.9315119800000003e+43,8.816374703878901e+41,7.0935480976025e+41,1.279626814e+44,3.75569306178482e+42,3.9842587171661e+42,3.70613,0.3051880900000001,0.3275377510000004,4.575796914e+43,1.27709343172349e+42,1.2764490303496501e+42,1.298151479e+44,6.856811567037071e+42,6.351175600747131e+42
SDSSXCS-28269,1.5058,0.2437022719999999,0.37731808,3.2413834380000004e+42,1.0943285053324901e+42,1.3376310585897403e+42,6.582631827000001e+42,3.16884468861027e+42,3.28932441746903e+42,1.62482,0.1756535809999999,0.285001456,2.931874322e+42,4.4638910757434e+41,6.239169962257501e+41,6.103747708000001e+42,9.7638767303993e+41,1.16000564766791e+42,1.52839,0.2846258689999998,0.4211419970000001,2.8065386420000006e+42,9.643137686996702e+41,1.1842097923530001e+42,5.729034402000001e+42,2.3778038076529703e+42,3.1850288038017506e+42
SDSSXCS-6307,nan,nan,nan,nan,nan,nan,nan,nan,nan,1.35128,0.125546321,0.1406591639999999,5.507699348000001e+41,2.7787970541934004e+41,2.8820494591403e+41,1.0899041210000001e+42,4.5716911944329e+41,4.5904241457876005e+41,nan,nan,nan,nan,nan,nan,nan,nan,nan
SDSSXCS-241,3.42978,0.1593666599999998,0.177038521,8.663911247000001e+43,1.6591191016472702e+42,1.5384107542230603e+42,2.3672429620000006e+44,5.75705114110325e+42,8.017649124228201e+42,4.74583,0.2249947529999998,0.2502609410000005,4.2386119930000003e+43,9.139469970708202e+41,6.3203641971608006e+41,1.3493343330000002e+44,2.43120547219019e+42,3.3473489561774e+42,3.11238,0.1430437709999998,0.1594844480000001,7.775989563e+43,1.68625941170317e+42,1.50502256424387e+42,2.036595205e+44,6.4189937684123e+42,7.4031650211423e+42
SDSSXCS-893,7.41532,0.6506367580000001,0.8063671829999999,3.4976086980000002e+44,1.095837358781871e+43,1.248871110102242e+43,1.3938818760000002e+45,6.525415900264675e+43,9.644987374813504e+43,6.6807,0.5072418169999997,0.595823641,2.172361718e+44,6.650498496666191e+42,6.394608824142261e+42,8.220097668e+44,3.932688017193647e+43,3.354202949963141e+43,7.25415,0.7406982319999997,0.8421021850000008,2.8961495090000002e+44,1.0501987359980441e+43,1.167669838345419e+43,1.1419468580000002e+45,9.190728477657471e+43,6.704454070941914e+43
SDSSXCS-7432,3.03193,0.1426675290000001,0.1591964529999998,7.043340683000001e+43,1.2066101045678902e+42,1.46649750080663e+42,1.828084922e+44,7.15834162932308e+42,4.14904883840769e+42,3.21834,0.1090246829999999,0.1220504450000001,5.723350945e+43,7.932181983277199e+41,9.141503457437001e+41,1.5235014970000001e+44,3.1958343310686403e+42,2.9960887877012306e+42,3.1682,0.2156162730000002,0.245804594,4.390336078e+43,1.1462003650693702e+42,1.22079367903302e+42,1.160815137e+44,4.90051246010848e+42,5.74627728563998e+42
SDSSXCS-11613,2.48516,0.2353218030000001,0.2927613669999998,1.717387744e+43,8.4994393475973e+41,8.781722049161501e+41,4.08560624e+43,2.6784515849233803e+42,2.4127578871212403e+42,2.315,0.13436256,0.1699230499999999,1.0389288980000001e+43,3.1007477496169002e+41,4.5547409751567004e+41,2.4073290480000003e+43,1.11618980021105e+42,1.17542937556901e+42,2.41623,0.2717919040000001,0.3683046929999998,1.3850424910000001e+43,7.4814654468174e+41,7.527090911487501e+41,3.2603346490000007e+43,2.5128672736605503e+42,2.91819893511782e+42
SDSSXCS-3,8.3083,0.0703174329999996,0.0703321830000014,8.249181849e+44,1.2837319672121702e+42,2.051429189897e+42,3.433029033e+45,1.4116204521009181e+43,1.276979123448579e+43,,,,,,,,,,7.92636,0.106759169,0.1067391199999994,4.035630841e+44,1.49206844636699e+42,1.42658540580896e+42,1.6440912470000002e+45,1.4006233635517131e+43,1.1619374346856052e+43
SDSSXCS-5939,3.33013,0.1725882470000002,0.1804879239999999,4.689369391e+43,1.0794787524065601e+42,1.1622235168583101e+42,1.267714278e+44,3.8207707111521005e+42,3.6600158868892304e+42,3.34317,0.1390504920000004,0.1468952589999999,3.069416026e+43,4.8128360008093e+41,7.385106309991e+41,8.311944575000001e+43,2.2458807582807402e+42,2.2732690574781604e+42,3.27354,0.206249783,0.2228744680000001,3.6749932940000004e+43,9.7926191895984e+41,9.911308467318701e+41,9.861475387e+43,4.33618742741557e+42,3.5575365267576004e+42
SDSSXCS-11881,2.02381,0.2282208970000001,0.3630888219999999,1.8857077810000002e+43,1.1818519904894901e+42,1.5945190970657603e+42,4.2252917620000004e+43,3.1532601189711305e+42,4.4816264060448506e+42,2.83876,0.2161287149999999,0.2541347549999999,1.9318399460000002e+43,7.8091218961653e+41,9.240658942457801e+41,4.885084436e+43,2.87574432977277e+42,2.7986999539578e+42,1.29818,0.1291638379999999,0.185180404,7.424640549e+42,1.0709748626499102e+42,1.46946409428327e+42,1.436062966e+43,2.7541086858630803e+42,3.6971035245477704e+42
SDSSXCS-11394,3.12229,0.411741798,0.55465549,1.5794908950000002e+43,1.2530138732002302e+42,1.44033747745864e+42,4.1259982340000003e+43,5.2810625397308204e+42,3.2845420276433503e+42,4.05917,0.6290784929999997,0.7731642890000003,6.834465296000001e+42,5.922341936751601e+41,6.0571711013801e+41,2.0147862610000003e+43,2.5965211674490104e+42,2.1729663723399902e+42,3.0728,0.4130470819999998,0.5640166409999998,1.516940711e+43,1.1819771161329701e+42,1.22433934161417e+42,3.9353410600000003e+43,3.4064609458671904e+42,3.26405606078575e+42
SDSSXCS-907,7.60249,0.2875809830000007,0.3199398109999993,4.85860132e+44,6.627359027259141e+42,5.709127250699921e+42,1.9613071380000004e+45,4.273369688492244e+43,3.8497394072099193e+43,6.97398,0.2054094129999999,0.2235597790000003,3.3899454670000004e+44,3.81774932176691e+42,5.386174153011461e+42,1.3110966100000002e+45,2.0039425895798082e+43,3.103585554108927e+43,7.73462,0.373640151,0.4009469489999997,3.663893971e+44,5.1352342193960904e+42,6.040374739527281e+42,1.491611675e+45,3.969749321065166e+43,3.6209380130490974e+43
SDSSXCS-14715,1.11949,0.068357301,0.0764653319999999,4.861869376e+42,1.1872520293117902e+42,1.356681188596e+41,9.426639319000001e+42,2.20995280567673e+42,1.5351089340642e+41,1.32024,0.0807265220000001,0.076991644,2.2596306760000003e+42,7.6743377100105e+41,1.14550909469648e+42,4.705676999e+42,1.9935743614214303e+42,1.5469447339727803e+42,1.09879,0.0895104149999999,0.068277485,4.381582912e+42,2.27435965665156e+42,1.6060502075306001e+41,8.423039224e+42,4.2915065672851705e+42,-3.435172288814e+40
SDSSXCS-309,4.93833,0.2349961719999997,0.2523637350000003,1.564502146e+44,2.3548996687899704e+42,1.96935520123977e+42,5.0870487120000004e+44,1.476351709569988e+43,1.0730121152491622e+43,5.15426,0.1741246229999999,0.1860386940000005,1.384403917e+44,1.61633924313258e+42,1.65708729218596e+42,4.5971458500000005e+44,1.172643515276872e+43,8.80615416946353e+42,4.51161,0.3065440229999998,0.3592674689999997,9.263146668e+43,2.2245890108439402e+42,2.08919252502239e+42,2.8827796420000004e+44,1.182523679897262e+43,9.486018885193141e+42
SDSSXCS-457,5.79366,0.1864028549999998,0.1846081189999999,3.0831347320000003e+44,2.95670702536804e+42,2.85026728123308e+42,1.086166546e+45,2.260338421588897e+43,1.4104227275350553e+43,5.43412,0.1316734410000002,0.1451323709999998,1.947098045e+44,1.53428293790957e+42,1.7113865536038503e+42,6.644129515000001e+44,1.075854450023389e+43,7.745846858190051e+42,5.85309,0.2242727829999999,0.2179254469999998,2.5029742360000002e+44,2.68674656753384e+42,2.5237087956757504e+42,8.862136297e+44,1.3215257953282951e+43,2.3948261253621254e+43
SDSSXCS-35,7.79011,0.1645878459999998,0.1616664739999995,5.325625162e+44,3.4651724646579007e+42,2.9835225155821e+42,2.1715086450000003e+45,1.894611063939235e+43,2.758540846336715e+43,6.91036,0.1074541780000002,0.1115285670000005,3.5084456130000006e+44,1.7087145959871103e+42,1.9632361727675103e+42,1.3495236590000001e+45,1.279009099441742e+43,1.0121285632209531e+43,8.00702,0.1826415810000003,0.1936861259999993,4.5322077390000005e+44,2.673033016004e+42,2.7251249740001803e+42,1.872384764e+45,1.4750759551817293e+43,2.745436581124275e+43
SDSSXCS-6,7.1908,0.1592291160000005,0.1873960279999993,5.1151629180000004e+44,3.97789911435427e+42,4.0241713584616505e+42,1.996970922e+45,2.3283463287436073e+43,2.0818113955152633e+43,7.2755,0.1699226439999996,0.1794684210000001,3.4402681170000002e+44,2.437953510542e+42,2.78759979553319e+42,1.3507184360000001e+45,1.79241757952441e+43,1.327357614222439e+43,7.17757,0.1949573740000003,0.221013976,3.868643106e+44,4.0814492388761604e+42,4.2524761734361405e+42,1.5089659770000003e+45,2.382367956265841e+43,1.841427414170297e+43
SDSSXCS-176,3.14292,0.1633622640000003,0.1698848329999998,3.3183047730000004e+43,6.2397605737988004e+41,8.0149713789749e+41,8.76954375e+43,2.20699848372959e+42,3.0533719715975405e+42,3.45569,0.142370428,0.1462498389999997,2.1455265720000002e+43,3.1127357157867004e+41,3.681099874386101e+41,5.906364485e+43,1.9046104292512702e+42,1.36723179678303e+42,2.92929,0.1846610370000001,0.1982273289999998,2.5565004160000003e+43,6.4812051758391e+41,5.876908560797301e+41,6.563207960000001e+43,2.54115845742262e+42,1.7949221316901e+42
SDSSXCS-3672,3.29731,0.2550079410000001,0.2792433380000001,6.447510291000001e+43,2.3840200729874502e+42,2.16646461295545e+42,1.7235817550000004e+44,6.57555519962375e+42,9.694577113596741e+42,3.6944,0.2167416040000001,0.2335483380000003,4.0628689990000006e+43,1.0252467901738702e+42,1.2012723680653002e+42,1.144380056e+44,5.36965355929998e+42,4.12309260736133e+42,3.07577,0.240989442,0.2837711540000001,5.638394508e+43,2.75484801132091e+42,1.80246120000452e+42,1.461833223e+44,7.61801118124882e+42,4.6190130251912803e+42
SDSSXCS-43,6.86303,0.0210738729999997,0.0278112859999994,1.3506355950000001e+45,2.6985732795302902e+42,3.12794427044594e+42,5.1699898230000005e+45,9.21961544220442e+42,1.2368177289636581e+43,,,,,,,,,,8.03859,0.0504668959999996,0.0504697870000008,6.151607554e+44,2.0861524442912902e+42,1.1890741268385301e+42,2.5397721450000002e+45,9.95339280089934e+42,1.3322400454572712e+43
SDSSXCS-32,2.67393,0.2770635869999998,0.3453790040000002,1.768340752e+43,8.8060049513487e+41,8.032731537097002e+41,4.3843582190000004e+43,3.7553124662096305e+42,3.7926252990853806e+42,2.26062,0.1349130499999997,0.1579903360000001,1.1980935260000001e+43,3.9539206263931004e+41,3.4385721593633e+41,2.7969531580000005e+43,1.39472939720294e+42,1.1817914521529701e+42,2.76969,0.3384840090000001,0.4680756689999996,1.425338985e+43,6.579340252688001e+41,9.6352369438613e+41,3.582004074e+43,4.0004453292588e+42,4.38637027532066e+42
SDSSXCS-16286,1.5742,0.134386262,0.1975247519999998,9.507738788000001e+42,1.99426420395607e+42,1.6405797534586203e+42,1.9677398850000002e+43,2.2301681554230202e+42,4.54302601067808e+42,2.24301,0.2535744549999998,0.368628932,1.140817221e+43,8.5560733307588e+41,9.8892278888258e+41,2.6436860490000003e+43,2.7400487846937605e+42,3.58270110806155e+42,1.55489,0.1551074430000001,0.245533051,7.130700423e+42,1.55378631969627e+42,1.6922087973059002e+42,1.470047651e+43,3.74818309713677e+42,5.01445058248646e+42
SDSSXCS-5527,3.67869,0.0848511140000001,0.0876050450000001,6.917182484e+43,1.47941380190828e+42,1.3352443653798002e+42,1.9588713430000003e+44,4.5227813441161504e+42,3.8570511940847705e+42,3.47998,0.0650445619999997,0.065846499,4.0822164150000003e+43,8.739692121290401e+41,6.8628783069105e+41,1.1278472070000001e+44,2.62735995006522e+42,2.8095851292299e+42,3.63401,0.1020294759999997,0.1113522480000002,5.174027184e+43,1.71979202987998e+42,1.50076780299137e+42,1.4572800480000002e+44,4.691990353516471e+42,4.32730513252519e+42
SDSSXCS-4313,5.91277,0.1517609870000003,0.1516344759999999,1.270803828e+44,2.9467883545816e+42,2.84820605799492e+42,4.546389036000001e+44,1.2578751420077272e+43,1.173633650614356e+43,,,,,,,,,,5.85488,0.178589058,0.1843558310000004,1.0081333200000001e+44,2.5672441888982203e+42,2.34702548054593e+42,3.5915895770000005e+44,1.0545632012100751e+43,8.968742584130171e+42
SDSSXCS-574,4.90547,0.0977395530000002,0.1007773489999994,1.6894167000000002e+44,1.1602838536517702e+42,1.0083938664490801e+42,5.4714917310000005e+44,5.69287661391605e+42,7.35411078382389e+42,4.8448,0.0739164050000003,0.0800299559999997,1.3688051540000001e+44,8.1464949887101e+41,9.401575811621301e+41,4.407109101e+44,4.61547082920381e+42,4.00109339868968e+42,4.85196,0.145788274,0.1581282450000003,9.664845359000001e+43,9.6236279835998e+41,9.1165838094203e+41,3.1139434540000003e+44,4.619092858138041e+42,5.4608786869704006e+42
SDSSXCS-65,8.5081,0.0971095480000006,0.0970704539999989,7.405532540000002e+44,1.9696822718584902e+42,2.20454570519369e+42,3.109722062e+45,1.741345717324103e+43,1.609658930581068e+43,8.72113,0.0933310160000004,0.0934127929999988,6.139164856000001e+44,1.9235831898971603e+42,1.5417761918613702e+42,2.6063301530000004e+45,1.228533717383667e+43,1.2147754024325023e+43,7.95792,0.1459003139999994,0.1457763610000011,3.864547259e+44,1.89710922669679e+42,1.71215984769158e+42,1.574810727e+45,1.2602953605864913e+43,1.246769426888382e+43
SDSSXCS-165,2.83192,0.2016021120000002,0.2246054049999997,1.846580997e+43,8.0989377091715e+41,6.011105937968301e+41,4.681377425e+43,1.9828017257190503e+42,2.5198236659199803e+42,2.68508,0.1479517779999999,0.1716655929999997,1.0703835480000001e+43,3.1203499726892003e+41,3.1103848200189002e+41,2.658238985e+43,1.2134243173565301e+42,9.929278301804401e+41,2.92254,0.2508346020000003,0.2888112279999997,1.4862170600000002e+43,4.5127216381551e+41,5.547418497893001e+41,3.815296391e+43,1.99041995285524e+42,2.1586404217814002e+42
SDSSXCS-4003,3.44459,0.0863516869999996,0.0932394890000001,7.387637404000001e+43,9.325513696446601e+41,8.282415942065601e+41,2.030880474e+44,3.02453972436247e+42,3.27115585524526e+42,3.66522,0.070887839,0.0740448269999998,5.069227573e+43,4.3320412218711e+41,4.018206118352001e+41,1.432584477e+44,1.88152326624073e+42,1.5940632484533602e+42,3.4938,0.115169823,0.1238843050000002,5.373190395000001e+43,7.0901732059488e+41,6.837788680761001e+41,1.4863354700000001e+44,3.2538644277960803e+42,2.7326090159117904e+42
SDSSXCS-2836,3.55467,0.0661951760000003,0.0663857989999998,1.1808166190000001e+44,8.804162359383e+41,9.768227264969701e+41,3.2959190700000003e+44,3.840523079233571e+42,3.1676455777951505e+42,3.40988,0.0481436369999999,0.0599019970000003,8.937316519000002e+43,6.612034202183e+41,7.4876669399002e+41,2.449766033e+44,2.6552442158728505e+42,2.21802762793799e+42,4.02631,0.1368087219999996,0.1600628410000002,6.181605496000001e+43,7.614042532052501e+41,7.865766953980501e+41,1.82487466e+44,5.1227909272751704e+42,3.6405217834236806e+42
SDSSXCS-210,3.22257,0.3900102220000003,0.4671427929999998,7.424652354e+43,4.6860791487809905e+42,4.6725411638488306e+42,1.9763626150000003e+44,1.5035190812305872e+43,1.513797971669502e+43,3.78885,0.4049719180000002,0.4635129410000003,4.542083223000001e+43,2.57518235215852e+42,2.7631761042430802e+42,1.300163856e+44,9.358325885619081e+42,6.7256612205993e+42,2.99182,0.4150231500000001,0.4995074399999999,6.346523798e+43,4.4094061920295104e+42,5.5260222542329506e+42,1.6371105760000002e+44,2.1457266161730062e+43,1.6940051395697562e+43
SDSSXCS-2288,4.49472,0.0414998720000001,0.0416658569999999,6.859495661000001e+44,2.7059476992745002e+42,2.8238025819053703e+42,2.1302100130000002e+45,1.1375840344552402e+43,1.1479536001119442e+43,4.5208,0.0373008740000004,0.0374942609999999,5.9352325690000006e+44,2.4386383449358602e+42,2.8612314026910703e+42,1.8484150960000004e+45,1.0772064997298511e+43,7.95835889122548e+42,4.81595,0.08706996,0.094666879,2.8564559940000003e+44,2.07236313648997e+42,2.30132228633681e+42,9.176659858000001e+44,1.396853465368341e+43,9.495483301148422e+42
SDSSXCS-78,5.91027,0.0529597069999994,0.0529894980000005,4.8128690580000005e+44,1.5342394566689403e+42,2.22849990179869e+42,1.705941845e+45,9.873015879948321e+42,8.525114584605021e+42,5.71178,0.0399496690000003,0.0398687979999996,3.779945234e+44,1.5544661654302e+42,1.1298116252366703e+42,1.3181217840000002e+45,6.15298156355822e+42,6.22489200216026e+42,5.96659,0.0989446760000003,0.0989913839999996,2.458184211e+44,1.8893056822275502e+42,1.3253247473603101e+42,8.752900023000002e+44,8.032183966449161e+42,8.83867821820992e+42
SDSSXCS-55,6.71076,0.0889934229999998,0.0889707270000004,2.9408334620000002e+44,2.04449017666524e+42,1.58961534436732e+42,1.10408426e+45,8.12296237779598e+42,8.094480422023211e+42,6.9739,0.0848428780000007,0.0850709939999996,2.1469092000000002e+44,1.41128869040536e+42,1.3560575637330402e+42,8.204280842e+44,4.11723641995911e+42,6.5181812610384e+42,6.65685,0.1118025120000005,0.1117174709999995,2.2218565250000003e+44,1.68449437462104e+42,1.0858572709847502e+42,8.310339135e+44,9.13822134888571e+42,7.335761230650261e+42
SDSSXCS-137,3.29048,0.0616659809999999,0.0613756109999998,6.377839891000001e+43,1.07701658567001e+42,9.5006744513045e+41,1.7212399430000003e+44,2.62058285402286e+42,3.04942469043365e+42,,,,,,,,,,3.28669,0.0691873220000003,0.0689188899999999,5.553150299e+43,9.465417783302e+41,1.1615425160698301e+42,1.4979403090000003e+44,3.20344367441324e+42,2.84362403073679e+42
SDSSXCS-123,4.86198,0.0664060739999996,0.0698276959999999,1.5946447090000001e+44,6.4357369624955005e+41,7.2782515184959e+41,5.141786775000001e+44,3.79223455218988e+42,4.1973947204369604e+42,5.1144,0.0575978399999996,0.0659003160000004,1.129634247e+44,5.2980988224079e+41,5.5197865136014005e+41,3.731482967e+44,2.2786451303264103e+42,2.63954571594365e+42,4.64433,0.0806274450000001,0.0827683610000002,1.158517788e+44,8.873068120073601e+41,5.3754008122424e+41,3.654951687e+44,3.457436845731951e+42,4.40372222577382e+42
SDSSXCS-382,3.03463,0.1003094820000001,0.1041596579999999,3.724716285e+43,6.0603370179473e+41,5.856716039461401e+41,9.715940609000001e+43,2.7383480663627103e+42,1.64636747108208e+42,3.05615,0.081129846,0.087803821,2.1044509260000001e+43,2.9918273029171003e+41,3.1411929021856006e+41,5.505436801000001e+43,1.2137129925583002e+42,1.26175174142498e+42,3.10984,0.1274701940000002,0.1397622639999998,2.913723566e+43,5.132310168932101e+41,5.4276242056396e+41,7.677394740000001e+43,2.3476601928594702e+42,1.4580686325715402e+42
SDSSXCS-2282,1.99169,0.1987417869999999,0.3025223909999999,2.886897532e+43,2.04055506828548e+42,2.4184337334425303e+42,6.435441135e+43,6.120215977886191e+42,6.073866816860761e+42,3.75869,0.5167758730000003,0.7279735979999997,1.1541113060000001e+43,8.624725173234801e+41,8.736278108542602e+41,3.293853758e+43,3.8014603814178403e+42,3.9881485516326004e+42,1.86894,0.196616917,0.3037149149999998,2.263120317e+43,1.42678077090537e+42,2.3109864682781103e+42,4.944310455000001e+43,4.14787655306242e+42,6.26932983673504e+42
SDSSXCS-5624,2.8596,0.313578074,0.3695548460000002,8.585643583e+43,8.33906620870129e+42,6.22185112083496e+42,2.1604355260000004e+44,2.201639559521779e+43,2.097504495659621e+43,3.13169,0.3304342249999998,0.396612808,4.960650185000001e+43,3.71118576716538e+42,4.2686229910218106e+42,1.297426067e+44,1.2841608229365092e+43,9.717194680302601e+42,2.67944,0.3086092520000001,0.372875445,7.811184565000001e+43,7.17475043604555e+42,7.71654135260076e+42,1.914283478e+44,1.9298132036705642e+43,1.9073803769380523e+43
SDSSXCS-19,7.10526,0.217724328,0.2333092719999996,3.1767715630000003e+44,2.96760476574829e+42,3.00362735252886e+42,1.2336389690000002e+45,1.654940656399365e+43,2.5045925566611014e+43,6.87885,0.1788403289999998,0.1928621230000002,2.0170486500000002e+44,1.94440620577741e+42,1.7120058239275702e+42,7.712196342e+44,9.781305233050311e+42,1.1019668386369232e+43,7.23124,0.2722632969999994,0.310561152,2.4314986030000004e+44,2.9973709068560806e+42,2.77041846677848e+42,9.523686381e+44,1.9244775309971973e+43,2.1653295523120832e+43
SDSSXCS-3312,5.63993,0.4610191609999994,0.5059789770000007,5.141742208e+43,1.1933129281659601e+42,1.3577918984006e+42,1.7799697910000002e+44,1.1506820495831202e+43,6.83143965679726e+42,4.0829,0.1887062140000002,0.2049736339999999,4.888881102e+43,9.367614234745401e+41,1.19586592041078e+42,1.4473339220000003e+44,3.22359636101158e+42,3.0939655137578103e+42,6.73389,1.1690512899999996,1.3950287940000008,2.454014867e+43,1.5202332802596202e+42,1.63390830603889e+42,9.256488407e+43,1.635437932836203e+43,8.431522446472761e+42
SDSSXCS-575,3.78332,0.1938537649999996,0.210276366,7.203154320000001e+43,1.3322333935562002e+42,1.57355825362033e+42,2.062655772e+44,6.23358526218291e+42,7.010676838170731e+42,3.604,0.1483876969999999,0.1488572669999999,4.2536942620000005e+43,8.2932063887174e+41,9.9830983690488e+41,1.1913953580000002e+44,2.480618393021e+42,2.68401049821046e+42,3.82367,0.2348712969999997,0.2582533260000001,5.795163889e+43,1.7034060394375504e+42,1.2775649877092201e+42,1.6676513990000002e+44,8.034735572936621e+42,6.876275908101502e+42
SDSSXCS-2,10.3992,0.2243116599999997,0.2383378699999987,1.011135949e+45,6.07020977065708e+42,5.5714856848196e+42,4.6702473180000005e+45,4.4031766511008743e+43,6.064139776963377e+43,9.72728,0.1978816349999999,0.1990705429999995,7.577148055000001e+44,4.06735062654925e+42,5.1610868604828e+42,3.400333144e+45,3.3355683840040974e+43,2.475830353780765e+43,10.7332,0.3137965400000002,0.315534809999999,6.972156454000001e+44,5.3686604129727003e+42,3.39482141283129e+42,3.2639253140000004e+45,3.272404949203109e+43,3.759361781645766e+43
SDSSXCS-30950,1.40643,0.1005986780000001,0.1104433969999998,7.347054353e+42,8.715662812907502e+41,5.6069370634589e+41,1.463413535e+43,1.2819210235451301e+42,1.86243827336862e+42,1.59637,0.1423442729999999,0.1657917419999999,2.4413217620000002e+42,3.2661103275331002e+41,3.5791570694525e+41,5.0747839670000006e+42,6.030331734769601e+41,7.912030014104702e+41,1.40677,0.1156179100000001,0.1353762979999999,7.039249581e+42,6.383263485354801e+41,5.0756125417251e+41,1.40222334e+43,1.0643017789936001e+42,1.75226226694803e+42
SDSSXCS-480,6.54551,0.0465279780000003,0.046533879,5.761798217e+44,2.43894004859216e+42,2.2631014899553903e+42,2.1447162580000002e+45,9.787300247760721e+42,1.209656846595645e+43,,,,,,,,,,7.79589,0.1170886559999999,0.1169690409999999,2.66155449e+44,1.7806462364117902e+42,1.7522038651850302e+42,1.0746611350000002e+45,9.871276871861641e+42,8.65584828280126e+42
SDSSXCS-14,7.41571,0.0924067920000002,0.0924665330000005,7.305147101000001e+44,1.3731897431827213e+43,1.362269269563449e+43,2.8972647050000003e+45,5.113906387990875e+43,5.303921310014525e+43,,,,,,,,,,7.30125,0.1314171789999996,0.1428703180000008,4.226388098e+44,1.3405889937533873e+43,1.2493559755189052e+43,1.664040797e+45,4.533339810273454e+43,5.985310705874002e+43
SDSSXCS-1137,5.56272,0.0555243789999995,0.0556673530000004,6.284698222000001e+44,1.4481466631187602e+42,2.4085169744332702e+42,2.1683094890000003e+45,1.4184625941444411e+43,1.37991720741175e+43,,,,,,,,,,5.88544,0.0949356410000001,0.0951716239999997,3.4635340120000005e+44,1.8176659615335804e+42,2.08815761045289e+42,1.228765498e+45,1.019421792133749e+43,1.0940802969533361e+43
SDSSXCS-487,7.39599,0.4600476780000004,0.4835371129999997,3.460900362e+44,6.178257353617851e+42,6.92365714213283e+42,1.378601831e+45,5.376395811438367e+43,4.625823334310845e+43,6.85128,0.3252666380000004,0.3452282179999999,2.5068632150000004e+44,5.26612555008544e+42,4.13008207254314e+42,9.613244874e+44,2.1046383021542322e+43,2.7900271638013195e+43,7.21337,0.5384177509999999,0.6848235489999999,2.649019137e+44,6.17358618435795e+42,7.88649663228463e+42,1.0422968290000001e+45,5.059114815962607e+43,4.827384111370404e+43
SDSSXCS-155,9.09378,0.3061774440000011,0.3393943379999999,3.61791692e+44,2.8806595637411706e+42,2.5635030157113904e+42,1.5764887980000002e+45,2.551795462641509e+43,2.6211215747866926e+43,9.52949,0.3065772939999984,0.312652357000001,2.376374725e+44,2.05578513028226e+42,1.7961939421947002e+42,1.05719032e+45,1.7813213178485504e+43,1.3211337663727523e+43,8.94496,0.3302650200000006,0.3574166600000001,3.1972632740000004e+44,2.6166738702974303e+42,3.4852078375613903e+42,1.3826715240000002e+45,3.0475827106315495e+43,2.2677654731059364e+43
SDSSXCS-2032,4.11616,0.0969612609999996,0.0950790260000005,2.9168612050000004e+44,2.4185743011501403e+42,3.1100808537741404e+42,8.680997417000001e+44,1.2234976678061972e+43,1.2422772448022762e+43,4.16124,0.0754653580000006,0.076568785,2.482851669e+44,2.4723675297627402e+42,2.08869139115812e+42,7.427596579000001e+44,8.41474788818513e+42,9.232755987943782e+42,4.27448,0.1623387999999996,0.1956077570000003,1.4592678630000002e+44,2.2483787324045402e+42,2.4507367079393604e+42,4.422124235000001e+44,1.019561318258008e+43,8.205854653129071e+42
SDSSXCS-10223,2.40866,0.2199108869999997,0.3197554240000002,9.122725023000001e+42,4.242542181834301e+41,4.3943070158077e+41,2.1764204180000002e+43,1.1141744236405802e+42,1.3998960803777503e+42,2.1956,0.125727404,0.1449319119999996,5.0482766260000004e+42,1.8450937875336004e+41,1.5466104041262002e+41,1.166649139e+43,4.8822630951081005e+41,5.4261490454919004e+41,2.55595,0.3210761550000001,0.427002061,7.132886736000001e+42,3.2359042781965003e+41,3.6789539818752e+41,1.738491953e+43,9.844234370418002e+41,1.3494621034461901e+42
SDSSXCS-29,10.3924,0.2111597199999995,0.2239282199999994,1.22929268e+45,7.13414695451388e+42,6.5359945646581e+42,5.6944040790000006e+45,4.536434036769209e+43,6.276361422989857e+43,10.6672,0.2114647699999992,0.2140053399999999,9.933501747e+44,4.6226491354092e+42,4.3158110967504104e+42,4.653144463000001e+45,5.688435004135712e+43,4.168129935062648e+43,11.4204,0.3613839800000011,0.3985331199999997,7.222835041e+44,4.9461791269396e+42,5.93137537094747e+42,3.48225644e+45,3.099080910163517e+43,4.462541423401915e+43
SDSSXCS-110,6.0136,0.0566326560000005,0.0566158099999993,1.8323923950000004e+44,4.7507571866045e+41,5.8368273711602004e+41,6.534267720000001e+44,3.5553119493338804e+42,3.3153336571123103e+42,6.21186,0.043849239,0.0439320610000004,1.3818378000000001e+44,3.1417276871242003e+41,3.7193056458087005e+41,5.003057857e+44,2.25717495944134e+42,1.79907077561604e+42,5.65299,0.0777114089999999,0.0777019980000002,1.183079176e+44,4.795439262837601e+41,5.9651904256075005e+41,4.097389215e+44,3.664918174692291e+42,3.60563953424573e+42
SDSSXCS-913,2.46898,0.1870904930000003,0.2210734709999999,3.8325218260000003e+43,2.6825901689440004e+42,2.19925935078018e+42,9.184144209000002e+43,6.63359866362413e+42,6.33098066778403e+42,2.58763,0.1658973049999996,0.18356217,2.9786665500000003e+43,1.0316155950065401e+42,1.3043538118328701e+42,7.262576173000001e+43,3.8027392123288e+42,3.39875048013932e+42,2.43093,0.1973335930000002,0.2631127580000001,2.8771041130000004e+43,2.09510644392482e+42,1.8589869782956503e+42,6.856142437000001e+43,5.85647307602349e+42,6.67348546577873e+42
SDSSXCS-62,7.05256,0.510815408,0.5851517170000005,3.742464628e+44,7.560130394550851e+42,1.1405978590989942e+43,1.4553107790000002e+45,5.235797130521355e+43,5.609655071996682e+43,8.2897,0.6190939069999999,0.6913062120000006,2.4712866550000003e+44,7.650804644587931e+42,8.182692830154541e+42,1.040119922e+45,4.905119680378564e+43,4.050075726219949e+43,6.59395,0.5112761960000007,0.5747412299999999,3.1843386780000004e+44,1.0291347561004451e+43,9.44576608595662e+42,1.197310838e+45,6.611724425384473e+43,5.024345097543417e+43
SDSSXCS-236,5.32691,0.1567636079999994,0.1681584929999999,1.2278107750000002e+44,8.7329421150381e+41,1.40957772212135e+42,4.141249372e+44,6.3208607107684e+42,6.616595811128321e+42,5.14058,0.1308403709999996,0.1409933390000004,7.241016882e+43,9.808740068687001e+41,5.448210045940301e+41,2.4006790050000003e+44,2.79026249323803e+42,3.8441935651959405e+42,5.17803,0.1807021089999994,0.1837676080000001,1.0179714390000001e+44,1.2939677620751e+42,1.1995558437705302e+42,3.3867024510000004e+44,8.03631683373167e+42,6.6711727379419e+42
SDSSXCS-765,4.14921,0.4126482550000001,0.4769615150000001,1.105141321e+44,5.33921842689356e+42,4.21561694249797e+42,3.3931571420000003e+44,2.18019680026805e+43,2.263740481077567e+43,4.47304,0.3283234520000002,0.3649556419999999,8.185740993000001e+43,3.5708884463080804e+42,2.7019486789017004e+42,2.595151012e+44,1.5020696032294602e+43,9.63507614471231e+42,3.97474,0.4257533100000001,0.5478769189999997,9.144682003000001e+43,4.0500258883681804e+42,4.6591724537032604e+42,2.757336112e+44,1.7352005222486343e+43,1.8580708981339733e+43
SDSSXCS-51,7.33699,0.2672104109999997,0.3096049379999996,4.091664487000001e+44,1.2046017819302762e+43,1.14397468875449e+43,1.621461323e+45,5.9961169156529e+43,6.690329587185747e+43,7.65451,0.2552544389999998,0.274115417,3.1533651590000002e+44,1.0617850767055421e+43,1.100075667814984e+43,1.2759460390000001e+45,2.4082299860992193e+43,4.873203484109408e+43,7.04105,0.3809443479999999,0.4136536749999999,2.422285647e+44,1.1033522233556151e+43,1.349561367422934e+43,9.405355926000001e+44,4.929905532974994e+43,4.392859482271402e+43
SDSSXCS-41,7.85439,0.1732776369999999,0.1733473849999995,5.253561740000001e+44,4.4026828291458704e+42,5.424557109678821e+42,2.15180631e+45,2.759560249690838e+43,3.630518133489571e+43,7.85665,0.1434589080000003,0.1438831599999996,4.054572023000001e+44,3.61789902930081e+42,2.81964843598062e+42,1.6609406870000003e+45,2.040417077114308e+43,1.387947354011796e+43,7.43311,0.2060494750000003,0.2074020240000003,3.6612337320000005e+44,5.1826261469219804e+42,2.87626956841647e+42,1.459916185e+45,2.8419139976250723e+43,2.088917688121042e+43
SDSSXCS-34,3.51423,0.2060196469999997,0.2177094159999999,8.633458435000001e+43,1.9396280052945502e+42,3.79228949884839e+42,2.3773805300000003e+44,1.1571641956572371e+43,9.35005987070575e+42,3.76964,0.1818791150000001,0.1890650480000002,4.814280186e+43,1.4545257088639902e+42,1.6840129956422102e+42,1.3697650500000002e+44,6.190992721156021e+42,7.254909087256991e+42,3.35002,0.209476843,0.2409025809999998,7.463407958e+43,2.86063847606517e+42,2.33332705560882e+42,2.010915167e+44,1.1627131041739771e+43,1.1510281344389972e+43
SDSSXCS-11154,4.15448,0.1253196820000006,0.1251683239999996,1.6918343960000002e+44,1.8808484459957203e+42,1.8262778857110402e+42,5.065090324e+44,9.835011808906761e+42,1.0093327121424201e+43,4.05784,0.0944898909999998,0.119429449,1.0930012380000002e+44,1.4890161527688403e+42,1.1290862143095301e+42,3.2367865820000003e+44,4.1426040939646307e+42,5.2085900128177104e+42,4.31878,0.1625255440000002,0.1770731799999998,1.2520077140000002e+44,2.2981118064185304e+42,1.6114015623978602e+42,3.817327385e+44,9.943613411136841e+42,1.037092137781316e+43
SDSSXCS-2092,3.79016,0.2344082530000002,0.2652712829999997,8.507385808000001e+43,2.3680928785110203e+42,2.04505921926365e+42,2.4256197770000003e+44,1.22834271773294e+43,9.929083504893991e+42,3.86604,0.2026658769999998,0.220540251,5.459733023e+43,1.5441112628749004e+42,1.0055892863621701e+42,1.5714685150000003e+44,5.483261803848911e+42,5.143709300113321e+42,3.58013,0.25328499,0.2791540050000001,7.037333779000001e+43,1.87901582507834e+42,1.6820382040099403e+42,1.9535028740000003e+44,9.310806190976752e+42,9.626572692514812e+42
SDSSXCS-17923,1.6847,0.2475581180000001,0.5596640989999997,7.751179601e+42,1.2732193297944902e+42,1.2722087837809502e+42,1.6139757330000004e+43,2.7170510937431703e+42,3.01297184465135e+42,,,,,,,,,,1.77162,0.3400449649999999,1.0724210850000002,6.941284530000001e+42,6.0393338234676005e+41,1.3669155034666601e+42,1.468818897e+43,2.5044131367026202e+42,2.6591542194561504e+42
SDSSXCS-68,7.21801,0.2169218919999993,0.2429297310000002,5.4826363430000004e+44,5.67699762078873e+42,5.996348885738961e+42,2.1545267280000004e+45,4.061903813281481e+43,3.0470104749713827e+43,7.5998,0.2176223589999999,0.2440423630000001,3.978935521000001e+44,4.4742852692075006e+42,3.5373091195739e+42,1.6034953060000002e+45,2.492794729180228e+43,1.9322844139173173e+43,6.83479,0.2324467639999996,0.2665085940000002,4.3200541530000006e+44,4.77864502731269e+42,4.49669792243335e+42,1.652531891e+45,3.1891669438846385e+43,3.1028774206295503e+43
SDSSXCS-147,6.64643,0.1831473129999992,0.1835153310000006,2.49474295e+44,2.0377802924330202e+42,2.24625594132115e+42,9.400256691e+44,1.399176643065852e+43,1.6689045632991642e+43,6.26026,0.1349165549999993,0.1352797100000007,1.789372898e+44,1.38354329020837e+42,1.3102928064713302e+42,6.546808294e+44,7.936966950644601e+42,6.147035499517661e+42,6.4845,0.2200686539999994,0.2363560900000001,1.873435246e+44,1.9873132749199803e+42,1.94414081731741e+42,6.975204316000001e+44,1.5993009331674823e+43,1.4316007230833782e+43
SDSSXCS-314,5.46935,0.2000345710000006,0.209901834,1.4948566940000002e+44,1.8111794440449703e+42,1.3804469104705901e+42,5.116586857e+44,1.0966472653208231e+43,1.0556572409720671e+43,5.6324,0.2107998669999995,0.2341026620000006,6.840378984e+43,1.02265976389269e+42,8.917414480536401e+41,2.375577055e+44,5.256353810077281e+42,4.1236554320909106e+42,5.58089,0.2141999879999998,0.2264435310000001,1.3867264730000001e+44,1.99042222680052e+42,1.6609704673653503e+42,4.793943790000001e+44,1.1234322976837042e+43,1.043253660073069e+43
