name,MEM_MATCH_ID,xapa_ra,xapa_dec,z,r500,r500-,r500+,Tx_500,Tx_500-,Tx_500+,Lx52_500,Lx52_500-,Lx52_500+,Lx_500,Lx_500-,Lx_500+,r2500,r2500-,r2500+,Tx_2500,Tx_2500-,Tx_2500+,Lx52_2500,Lx52_2500-,Lx52_2500+,Lx_2500,Lx_2500-,Lx_2500+,richness,richness_err,XCS_NAME
SDSSXCS-124,124,0.80057775,-6.0918182,0.2474828,1181.0281588653677,21.20222143569781,23.20264066561684,6.87647,0.1228432860000001,0.156682977,4.99948114,0.0203353852793322,0.020836649881966,20.09018483,0.2099786272865635,0.1907684709425687,534.8347395564357,7.579123643784669,7.5918550377977985,7.19013,0.1147806877646484,0.1152504032353514,3.843996279,0.0147632863218167,0.0150421412772474,15.8183187,0.1532638403662822,0.1560504100755064,109.550186,4.4896803,XMMXCS J000312.1-060530.5
SDSSXCS-2789,2789,0.95553986,2.068019,0.105285384,1007.860977541492,17.194149779101533,17.20150482356459,4.61426,0.0835647599999998,0.0836632609999998,0.9998460429,0.0044658309548192,0.0045311962110106,3.259034528,0.0325521076598915,0.0369130670826232,438.7065145016488,5.198300553815697,5.2136763906669845,4.43269,0.0650297815852054,0.065420056414795,0.6814344603,0.0030633972821947,0.0028007317463684,2.179112233,0.0171520530781128,0.0185090948175501,38.904396000000006,2.8302057,XMMXCS J000349.3+020404.8
SDSSXCS-290,290,2.7226392,29.161021,0.34849474,913.0522561524374,30.87875372632984,31.20967461940793,4.81756,0.2654722450000006,0.2688478380000001,2.844316549,0.0535777676975577,0.0534677365099254,9.468884421,0.3443894055906167,0.2984953202751619,412.606576894497,11.01464388029306,11.1991640267983,5.00741,0.2248138814384761,0.2289582355615236,2.07573816,0.034854341727887,0.0392991637773327,7.045864222,0.1809827908436929,0.2014147890557938,105.09573,5.9943213,XMMXCS J001053.4+290939.6
SDSSXCS-1018,1018,4.4063253,-0.87619162,0.21440332,902.2592310706574,22.444664868394405,23.366414044883246,4.18272,0.1520678559999995,0.1611016140000005,0.7553169376,0.0078401511006996,0.008376524653372,2.349907914,0.0511817704314583,0.0542069554277819,399.2133417804768,6.774208423447786,6.81756152935538,4.14183,0.1056406194987795,0.1065732145012203,0.5995104454,0.0059202603441081,0.0059002967812641,1.856513881,0.0299810754228986,0.0288091682674302,56.996796,3.2192018,XMMXCS J001737.5-005234.2
SDSSXCS-134,134,4.9083898,3.6098177,0.27730444,1123.320736258806,19.21931229317274,19.22596396522024,6.52537,0.104617546,0.1047460290000001,4.531084681,0.0208088080930091,0.0221592049709897,17.67671902,0.1831371555437329,0.1738021970910281,510.7381628951417,8.475348732720203,7.419581202283799,6.90187,0.1557666238647463,0.1220567361352538,3.590671302,0.0152249504440624,0.0159052253982494,14.45702692,0.1490378448576361,0.1389696129628603,108.60438,4.7924843,XMMXCS J001938.0+033635.3
SDSSXCS-119,119,8.464699000000001,-7.8629006,0.3041736,944.275364291849,46.42235235743125,46.746651477282974,4.89118,0.4107132610000006,0.4138130209999993,1.917513722,0.0453188295999313,0.047116334421245,6.432022047,0.3610961060317157,0.3283487393275832,437.0088945614156,17.02276264639009,25.37367768422283,5.3685,0.3580330676965335,0.5405745893034668,1.201819769,0.0277353196963807,0.0272391185423386,4.230136675,0.178157613139354,0.1649908476965835,128.19176000000002,5.6970525,XMMXCS J003351.5-075146.4
SDSSXCS-209,209,9.2768176,9.1571879,0.26882175,1295.7321807381145,27.42441463578013,27.434079315485963,8.33772,0.1867767139999987,0.1869592320000013,4.142106103,0.0235433354580285,0.0245258824180103,18.54722864,0.2628810791251226,0.2696936327660317,579.3975409751241,9.937846235047273,10.581824410563526,8.47771,0.160673309202636,0.1858361517973641,3.257756001,0.0174367364348664,0.0177092367875184,14.73470794,0.1689402068601406,0.1708494978591197,101.70913,4.746494,XMMXCS J003706.4+090925.8
SDSSXCS-15,15,11.62825,20.467691,0.103966124,850.0812283514175,63.42599303196495,73.27358707699169,3.74253,0.4572513499999999,0.5312154020000004,0.07796857098,0.0029501435390182,0.0028067923536056,0.2305180293,0.0213009031786401,0.0180758554495056,348.6244853643526,9.090718920672677,9.160456432626342,2.90099,0.1159213173078614,0.1171259136921385,0.1683515316,0.0020852370960904,0.0022571316505388,0.4486751891,0.0112012155177625,0.0103468787987965,123.355934,3.702013,XMMXCS J004630.7+202803.6
SDSSXCS-71,71,13.996563,26.330304,0.1961017,1095.9268502098507,19.70814096965442,19.728080185766395,5.775,0.1177987720000004,0.118087816,2.448762831,0.0129762667736699,0.0128955102194887,8.945989387,0.1039868668469452,0.1090706287878138,461.9265129177959,5.861272269679073,5.892715238874391,5.23267,0.0904018483222657,0.0912213386777347,1.279228215,0.0074648786645514,0.0082245343329063,4.442048092,0.0479398766105356,0.0450894055551973,112.92153,4.16637,XMMXCS J005559.1+261949.0
SDSSXCS-5020,5020,16.061785,25.086602,0.16580287,870.993979099029,44.26373627864505,44.68765646583394,3.97491,0.3306763940000001,0.3341314929999996,0.4462322784,0.0105804786772674,0.0117776422430536,1.355623118,0.0663094494144242,0.0724668135238986,389.3580849227552,14.643400984442431,14.84526736753704,3.79352,0.2431975757548827,0.2467916132451169,0.2899655936,0.005925718206459,0.0061911264281976,0.8624635937,0.0372208035165986,0.0355596192822472,30.468397,3.0966108,XMMXCS J010414.8+250511.7
SDSSXCS-2346,2346,16.448217,-0.34013597,0.30077308,269.3375245160945,34.61059139357739,51.6665714354897,1.35597,0.1690885499999999,0.2640676820000001,0.03577339007,0.0059765993225081,0.0076116733295818,0.07515181276,0.013585421400724,0.0172367148532432,195.3177276040568,14.054543170662951,16.02481140965019,1.269,0.1493848074057617,0.1738628035942382,0.03024709383,0.0044904688848531,0.0045247764516311,0.06144258374,0.0113444475233195,0.0110126262664672,59.87999,4.107582,XMMXCS J010547.5-002024.4
SDSSXCS-586,586,16.541518,0.85239023,0.26237586,671.661383475295,42.98715303429505,46.523112492338726,2.20571,0.2616343249999999,0.285197385,0.3931102644,0.0159633316753731,0.0212064948198759,0.9555238299,0.0649286506938426,0.0709101452704039,294.7923932537348,17.913315831308054,23.1807167289852,2.54167,0.2639070049996337,0.3463733940003664,0.2211151045,0.0092596549251459,0.0105291954887563,0.562254927,0.035115014170772,0.0362344722514013,78.23172,4.147247,XMMXCS J010609.9+005108.6
SDSSXCS-11331,11331,16.7056,1.0568871000000002,0.25354633,723.330590663915,13.190139412921486,13.198139794806092,2.95836,0.032996819,0.033162426,4.10210384,0.0202529166801879,0.0202802427085773,11.01322652,0.0710978175898997,0.0803289102173536,323.7142641773374,4.614899180065954,4.622658286612975,2.96274,0.0290224734580077,0.0293450795419922,3.631483322,0.0170775306830144,0.0161086245864643,9.755187142,0.0595629028160917,0.0516716442225657,31.444715,3.0234592,XMMXCS J010649.3+010324.7
SDSSXCS-28849,28849,17.953107,-0.017865822,0.2743446,605.019750398047,30.94751334818326,55.748892628449646,2.17255,0.1796610570000001,0.3461631109999996,0.2590928049,0.0122076096202109,0.0198252434574972,0.6269332237,0.0537627984396196,0.0644899401781347,257.72671293709783,15.772207994681828,16.100208247732787,2.00126,0.2067956191905517,0.2115885298094482,0.1355433123,0.0075324485471229,0.0091039921899165,0.3198661394,0.0223702707925453,0.0239250591181711,22.96295,2.614236,XMMXCS J011148.7-000104.3
SDSSXCS-31144,31144,18.604062,0.49461554,0.34936443,543.093308472926,36.69204914006734,35.041742824335266,1.82411,0.2127476469999998,0.2018641980000002,0.2250152863,0.0110030654595367,0.0163645967744874,0.5174893926,0.0380324944781848,0.0449813338232168,297.74534674934864,19.486283080232024,23.54798010275529,2.58521,0.3062971109151613,0.3732037870848388,0.1366512574,0.0074147766997991,0.0072178657683379,0.3494800905,0.0266437658827548,0.027136238227748,28.66831,3.2433918,XMMXCS J011424.9+002940.6
SDSSXCS-239,239,28.175568,1.0081747,0.2275947,1083.3585151940383,21.908057204845186,21.930448558027,5.86576,0.1516438930000001,0.151937792,3.290979436,0.0232198116149278,0.0223476590300299,12.12038949,0.1784605421682243,0.1877544729182236,484.2651580082984,7.0838248669502,7.1188238652664735,5.93552,0.1217478631191406,0.1226918838808597,2.579087161,0.0147427435530831,0.0157585879557231,9.557466437,0.1066222985283094,0.1069466876723108,93.85281,4.089814,XMMXCS J015242.1+010029.4
SDSSXCS-395,395,28.392295,-1.3044994,0.23913085,1008.2206257825856,20.534536797361103,20.56665538903739,5.21783,0.1398666240000006,0.1402588260000001,1.791762178,0.015486252131426,0.015147488980417,6.212516976,0.0967260639029472,0.0944360731268298,466.9826611767832,9.011421863937498,9.085269633802636,5.61366,0.1715456757036131,0.1732821612963864,1.108785108,0.0089038141591994,0.0085622612894231,3.992524543,0.0664069686432773,0.0669882791312357,93.730774,5.118641,XMMXCS J015334.1-011816.1
SDSSXCS-944,944,29.282447,-5.876032299999999,0.13098373,911.8868632037512,25.259721756706032,25.31204785529426,3.73939,0.1618113610000002,0.1622667019999997,0.474400688,0.0056817234234193,0.0054506961139871,1.402068325,0.0359971511182537,0.0366717010477006,388.7769904172645,10.002174633800449,10.101151241076412,3.65836,0.1527620614250486,0.1545533635749509,0.2073898215,0.0023522476033339,0.0026653048947788,0.6070704274,0.0130999774537773,0.0145698878276994,50.620216,3.387581,XMMXCS J015707.7-055233.7
SDSSXCS-593,593,29.603929,-1.7817758999999995,0.15635921,754.2455098637139,18.06836958898718,18.102318770321244,2.88854,0.0844467639999999,0.0847793820000002,0.6300017369,0.0058724709133447,0.0058493212830998,1.676324203,0.0300353566701054,0.0264701697692999,350.8235606006368,6.2174842934721095,6.260476524214223,3.1168,0.0700569438089599,0.07099786719104,0.4017048421,0.0038376481985593,0.0035891244871197,1.100424494,0.014978791369328,0.0139668344753247,53.96106,2.8864915,XMMXCS J015824.9-014654.3
SDSSXCS-35404,35404,30.191204,-6.708112599999999,0.3417674,563.0008291520414,38.45944109969293,41.67216486616143,2.14121,0.2397717080000001,0.2620240579999997,0.3333669113,0.0204825456998245,0.0222064987638433,0.8030142465,0.0658790177588558,0.077920512814248,257.26460914590257,13.8933545579847,16.55710730255127,2.15643,0.1938721140272217,0.2355450979727784,0.1641762251,0.0083934795342475,0.0109498735887371,0.3963539262,0.0275369731744311,0.0289504527443857,25.81563,3.1895626,XMMXCS J020045.8-064229.2
SDSSXCS-7190,7190,30.329494,-6.831854700000001,0.3445764,505.6781118101693,39.60090109968403,52.3403659981733,1.94228,0.237597604,0.3214319330000001,0.1711436381,0.0114650912082324,0.0154344772297065,0.4004243217,0.0402735621011792,0.0417645256247449,247.0874737797424,18.10074887674569,18.70344032973945,2.02192,0.2522829017440184,0.2613264392559813,0.1083784975,0.0075002909853545,0.0087527645669791,0.2565369753,0.0221244667154434,0.0260134334409189,43.11477,3.6073697,XMMXCS J020119.0-064954.6
SDSSXCS-7783,7783,30.429572,-2.1962592,0.19421071,827.6911996130351,14.487070687937226,14.504385482811829,3.52135,0.054280308,0.0545411640000002,2.762945369,0.0123318680577275,0.0131496590658697,7.956070991,0.0729359841136938,0.0740448024800892,372.2150678488665,4.688290478209963,4.702904625876071,3.58162,0.0447000219510496,0.0451431720489501,2.305886035,0.0118602013554189,0.0103355572500913,6.688211958,0.0457721614999639,0.044225671022045,35.8534,3.2273033,XMMXCS J020143.0-021146.5
SDSSXCS-5743,5743,31.351861,-5.7303361,0.2942178,904.4306919052364,71.56560884262626,103.46929302324756,4.07537,0.5965920910000002,0.8690311019999992,0.514014875,0.0265694602901794,0.0229788999787492,1.579707997,0.1454236433487648,0.1267120609504246,347.1091481803513,21.611099601038777,26.38886916097555,3.48432,0.3783097133082274,0.4642945096917725,0.2583766015,0.0106813230260364,0.0118160154927066,0.7406925228,0.057459363656122,0.0586750502058764,37.119568,3.1122668,XMMXCS J020524.4-054349.2
SDSSXCS-1131,1131,33.111835,-5.6262911,0.29934615,942.8931701895706,104.81546319616064,150.07788309641802,5.60793,1.0105860469999994,1.453640816,0.6477963136,0.0285522535924697,0.0347950240231229,2.331404686,0.3646442998991064,0.3390216044811844,413.5261921891705,27.485133661155764,28.767883393771942,4.78021,0.5570604331579592,0.5834456888420414,0.4656446064,0.0158160335185451,0.0166207471014103,1.544200227,0.1195485602384083,0.113030347893837,65.67688000000001,3.9442868,XMMXCS J021226.8-053734.6
SDSSXCS-29799,29799,33.116431,-6.077833999999998,0.321067,427.2536223030547,34.226175482463994,34.77579184211082,1.24752,0.1631290389999999,0.166195032,0.07284714745,0.0119462945823365,0.0094004876042706,0.1468417316,0.0248016882422478,0.025075319352771,256.7786777597566,23.60057352619885,29.28552625870315,2.40725,0.3563031875207518,0.4451692324792482,0.1299820221,0.0086687199332842,0.0097378631152728,0.3246610337,0.0292623355878588,0.0382685243308771,22.26122,2.5214868,XMMXCS J021227.9-060440.2
SDSSXCS-852,852,33.671952000000005,-4.5538512,0.14673696,1027.0208962271272,21.741575182552552,21.741482240242785,5.03595,0.1420959559999994,0.1420949150000003,0.9397754324,0.0067439565216873,0.0066320716609717,3.19922389,0.0563151825050232,0.0557920325472856,,,,,,,,,,,,,56.188286,3.5223145,XMMXCS J021441.2-043313.8
SDSSXCS-5830,5830,34.052451,-4.2406364000000005,0.1525001,636.7734291094263,45.6515674895159,58.96925477763876,2.55567,0.2798347030000001,0.3681882039999999,0.1074733554,0.0042828334717627,0.0041796019225846,0.273790762,0.0203011814945268,0.0191835534904893,288.7631192153997,10.92270528277792,17.714560282890922,2.18039,0.1289146711340332,0.2277455948659668,0.06500882152,0.001944741156038,0.002662662856171,0.1574702485,0.0086333710982581,0.0091308330063241,24.564722,2.1817567,XMMXCS J021612.5-041426.2
SDSSXCS-5977,5977,35.868932,-8.868980699999998,0.16795832,778.0682064602911,74.4187716794623,105.39107685572444,3.14025,0.5175380170000001,0.7385558840000002,0.1657805203,0.0093393036733275,0.0096235926644388,0.4554747458,0.0467607178758179,0.0515742281400424,334.561621820453,21.800325684287525,21.976556458294176,2.96134,0.3303456515615233,0.3331319564384767,0.1225073443,0.0046812340184514,0.0052112510816101,0.3290312154,0.0219988896460522,0.0213777120367595,26.303790000000003,2.1013763,XMMXCS J022328.5-085208.3
SDSSXCS-16227,16227,36.300933,-6.3847585,0.19789001,811.0339093139037,71.81154250417059,105.18683185641385,3.44125,0.5275038950000002,0.7791369929999998,0.3357032715,0.0185269029199535,0.0184768629005663,0.9573559845,0.1199039415879938,0.1160951399103574,326.4129093961677,24.84891642698097,27.04070943811727,2.83869,0.3773784714957275,0.4117457435042726,0.2005788239,0.0104405864926657,0.009525840495682,0.5302763857,0.0460121565778629,0.0443690905715834,22.642595,2.2254574,XMMXCS J022512.2-062305.1
SDSSXCS-2984,2984,36.432967,-3.1964353,0.14258845,786.3005135499329,77.12451741548868,85.72664101914204,3.63841,0.5645075829999997,0.6291885489999998,0.1638258976,0.0067478955543439,0.0066733019340639,0.4784089931,0.0497346872194566,0.0472147705785576,,,,,,,,,,,,,34.480453000000004,2.3746781,XMMXCS J022543.9-031147.1
SDSSXCS-6955,6955,36.45483,-5.894147599999998,0.22277066,668.9936764375799,47.89903468096294,61.95066382391251,2.41024,0.2990632569999998,0.392930255,0.2092423316,0.0125137302923225,0.0145231660352506,0.5228387759,0.0484311884143836,0.0555424422155043,321.8889306664823,18.08623061122306,24.44011054401699,2.88631,0.2765196135554197,0.3789302814445801,0.1647115201,0.0063015657114969,0.006789411210813,0.4381388568,0.0298017943891861,0.0334063667054758,32.131187,2.8320866,XMMXCS J022549.1-055338.9
SDSSXCS-64824,64824,36.843741,-3.3619065000000004,0.3426217,588.6430363117345,21.690705160487862,29.462306309613805,2.24581,0.1201594240000001,0.1800569429999998,0.2116418969,0.005883207743157,0.0065841703328792,0.5172443558,0.0237202455710009,0.0231142429273173,277.9987443539287,9.548035469972705,9.606372285649917,2.38159,0.1301065525263673,0.1311353504736327,0.1499491324,0.0034689173615773,0.0035449289725422,0.3732458285,0.0117767935199085,0.0120047828316324,22.62734,2.7154727,XMMXCS J022722.4-032142.8
SDSSXCS-8366,8366,37.655177,-4.991535400000001,0.3052906,676.6344238611466,59.62764362016807,94.15414772251552,2.28778,0.386970266,0.6194295149999998,0.2310881768,0.0160864711111389,0.0253542958579924,0.5679894781,0.0588673291989308,0.0826109026944801,246.8030210384144,17.423496243565275,24.854478481491768,1.88058,0.2285803004252928,0.3337312285747069,0.06615686805,0.0052496086898389,0.0080767256748759,0.1533998851,0.0132200100325748,0.0186726790315663,35.273712,3.6453307,XMMXCS J023037.2-045929.5
SDSSXCS-120,120,37.927216,-4.8818112000000005,0.18926916,968.211980170912,17.04065663012614,17.04220605422619,4.63263,0.0912853209999999,0.0913059189999998,1.444473136,0.0073010947751339,0.0077522789604023,4.717345893,0.0580885175506402,0.0546560873825692,,,,,,,,,,,,,90.19162,3.762898,XMMXCS J023142.5-045254.5
SDSSXCS-572,572,42.013961,-3.5287329,0.18832776,866.2311344777487,13.68573873798968,13.694368637439467,3.80036,0.041168271,0.04134012,3.234210375,0.0124252416753289,0.0120203563922451,9.62751542,0.0561668993255857,0.0633397877973287,390.5211268624956,4.197198282622395,4.203837419045908,3.87832,0.0342194517139891,0.0344701302860106,2.78115756,0.0108320652861251,0.0100130148095143,8.354765738,0.0443318521016156,0.0412135450740471,80.27589,6.4063044,XMMXCS J024803.3-033143.4
SDSSXCS-226,226,42.04981400000001,-2.2736092,0.23501849,1284.2364199236422,31.175651380525256,31.12472303183483,7.91882,0.2516477679999997,0.2508989229999994,3.633080134,0.0262566346963115,0.0271431887132669,15.78043643,0.2984017845100926,0.2999715597826107,557.8186490288821,10.374723459282272,10.411607756194424,7.67082,0.1936784102060542,0.1948298157939456,2.880885706,0.0181277235754131,0.0183205993014605,12.28735627,0.1793548948147627,0.1720000661015408,97.19366,5.19954,XMMXCS J024811.9-021624.9
SDSSXCS-22,22,113.08444,31.630877,0.18051074,1144.6209295743572,19.80793769688233,19.821530719902647,6.17592,0.1081048789999998,0.1083297789999999,3.727061636,0.0182509946620506,0.0174653845360719,14.10646767,0.1515294704067322,0.1503405984705441,513.463727976114,6.3739978881936965,6.390479623291024,6.321,0.089828744182129,0.0903728418178708,3.004366533,0.0138277630448073,0.0135383995355229,11.51563129,0.1017065287957841,0.1002917932196201,120.09137,4.9689746,XMMXCS J073220.2+313751.1
SDSSXCS-103,103,117.70904,17.69577,0.18393488,872.8201335722857,22.494964065332148,22.60054861077001,3.91615,0.1455128870000002,0.146512232,0.4262668713,0.0042151627048817,0.0046623687970554,1.286168055,0.0275832783477694,0.02934280661035,381.6357351489569,7.518040456018725,7.573681425983751,3.73388,0.1118004820297851,0.1129119129702149,0.2350188342,0.002247221671685,0.0021066452753508,0.6941298931,0.0122017212256037,0.0129079276544581,112.26557,5.977766,XMMXCS J075050.1+174144.7
SDSSXCS-212,212,125.82697,15.96613,0.15643018,785.5180611401593,23.753018172121138,23.93473703540983,3.11784,0.1393817680000002,0.1408953609999996,0.506649642,0.0082574483520563,0.0081414179511583,1.388089545,0.0356228961477433,0.0373395293200198,340.31250344499483,8.494556443924743,8.578129438262572,2.94122,0.1105408670897216,0.1120497149102783,0.2938298756,0.00422363079224,0.0042223181526515,0.7871461611,0.017334587267282,0.0179971018141987,82.07597,3.8684688,XMMXCS J082318.4+155758.0
SDSSXCS-19922,19922,126.05448,30.076932,0.31855735,554.8287100545067,26.59076825562224,51.95494225695423,1.71434,0.137323354,0.2972838549999999,0.1655362068,0.0118257365866742,0.0185707778839405,0.3745787172,0.043250610068545,0.0540992744714202,258.66883993336296,16.788641435340764,31.443642027989963,2.07803,0.2317138914055176,0.4481389595944822,0.09468812374,0.0061095208661067,0.0070447603955712,0.2259791823,0.0192055954062825,0.0210908964280076,30.010748,3.8086228,XMMXCS J082413.0+300436.9
SDSSXCS-890,890,126.48946,4.2460138,0.23492122,960.1691652285194,27.203631012798333,27.23303541281049,4.7049,0.2083501700000001,0.2086411039999998,1.63800995,0.0220714940795478,0.0196387208333213,5.389822131,0.1423881831620184,0.1340736001755855,419.03228530948434,8.90916582187649,8.996110469579543,4.58641,0.1589456226237793,0.1607708833762204,1.266119857,0.0127045968275458,0.0154874540543374,4.114940424,0.0832456785975388,0.0809647357945921,61.588547,3.850318,XMMXCS J082557.4+041445.6
SDSSXCS-31,31,130.74006,36.365002,0.29645097,1424.4881101072942,56.89074889771781,56.38841298365239,9.86967,0.6209779040000001,0.6139101300000007,8.352195865,0.1062112296903361,0.1068633697704228,41.24438187,1.52065670825926,1.585770622730152,615.569459033632,20.584530358373804,20.660610648331577,9.67459,0.5036356997788083,0.5060046892211911,6.295422005,0.0723416147061799,0.0707027284573911,30.71892915,0.9112519222023644,1.055336821345808,139.98386000000002,4.858471,XMMXCS J084257.6+362154.0
SDSSXCS-325,325,132.61125,0.25174883,0.19828618,749.3541107674769,24.06019465489865,24.215602430227587,3.08254,0.1455553099999997,0.146854904,0.460604208,0.0068960979682005,0.0071590274409306,1.2563301,0.036059755394127,0.037048570499778,380.2719337228364,10.857753389183298,10.97415403198202,3.76631,0.1776683755777588,0.1798309514222413,0.2934840946,0.0048268133622615,0.0045057838035595,0.8701371229,0.023160299082597,0.024268078012645,68.40751999999999,3.2116315,XMMXCS J085026.7+001506.2
SDSSXCS-26424,26424,133.23206000000002,17.96369,0.20101751,533.609718958986,52.65474950900226,45.53162003413464,1.84514,0.2906640570000001,0.248263147,0.04721539964,0.002978352611751,0.0042939229833161,0.1089195325,0.0094760841174798,0.0119871794408153,269.0871503208928,14.41473601075828,16.453015576834343,2.00545,0.1786539712996826,0.2075617157003173,0.0264394926,0.0013583918726645,0.0012744562005439,0.06243214234,0.0040141640374916,0.0045457966955058,22.65785,2.525362,XMMXCS J085255.6+175749.2
SDSSXCS-5159,5159,134.16993,5.8953329000000005,0.100435905,866.1191069650715,32.58357501623249,36.59005366457322,3.57478,0.2149540450000002,0.2462202019999999,0.1709635674,0.0030965194035253,0.002620900814485,0.4954690971,0.0224843816898322,0.0203168731482076,301.7509055250672,8.69463790145838,8.699549594440615,2.27714,0.0921062531148679,0.0921889888851317,0.06979389635,0.0010504353150015,0.0010615675611106,0.1712993966,0.0038127577518032,0.0044709265854907,24.900331,1.8251007,XMMXCS J085640.7+055343.1
SDSSXCS-9803,9803,135.15352,20.894612,0.2528995,841.2646398166754,14.57041401095628,14.583114102765672,3.84995,0.0643489990000003,0.0645358619999996,4.561829134,0.0294459644372038,0.0250548996153545,13.65862865,0.1445133117703338,0.1413073323900686,388.9081550673484,4.590822565593859,4.614486077428325,4.09661,0.0553388022749024,0.0560173797250973,3.943236085,0.0252303825017454,0.0240203721491036,12.1481712,0.1063807397850595,0.1015178402806746,27.081793,2.5084076,XMMXCS J090036.8+205340.6
SDSSXCS-1884,1884,137.21898000000002,28.861933,0.25381398,850.9436080305214,50.11655335680113,57.53282375890711,3.74162,0.3875199080000002,0.4482120289999995,0.7755191374,0.0278134244631055,0.0253667138370176,2.292594311,0.1692273564554454,0.15031800956675,394.3791897459722,19.547082652042032,30.892210936452823,4.21497,0.3629046548469237,0.5790790901530762,0.4839208791,0.0152341908055623,0.0143211291140594,1.511052513,0.0721708763529613,0.0741670469205539,50.452415,3.209117,XMMXCS J090852.5+285142.9
SDSSXCS-5,5,137.30206,10.975335,0.17046206,1065.072857369404,23.39015204444297,21.615641108539403,5.53676,0.1634667309999997,0.1421997069999996,2.159335492,0.0127341556920255,0.0131326212001354,7.721541248,0.1162312304022057,0.1119799878975689,489.20513444622776,7.258747495267484,7.29429611115562,5.73067,0.1219559222807618,0.1228516807192381,1.540786836,0.0091826685655214,0.0083673171511364,5.606595112,0.0681298441563438,0.0626311674170416,174.70418,4.9478636,XMMXCS J090912.4+105831.2
SDSSXCS-13,13,139.46774,51.725738,0.22690289,1235.473859790749,24.55737559925621,24.55472195828013,7.34605,0.1611642580000003,0.1611196870000002,4.634804202,0.0230655341776175,0.0230106112071961,19.29669612,0.2240030702041195,0.2226655340204502,549.2468710446028,8.7331181977183,8.757135605146843,7.39954,0.1456802395097653,0.1464864284902347,3.500377488,0.0179699381006193,0.0173349120120174,14.63192439,0.1778210158808963,0.1471412697467897,153.60655,4.73977,XMMXCS J091752.2+514332.6
SDSSXCS-5225,5225,140.07752,37.10619000000001,0.23562108,681.1681896221627,13.92192007434546,13.926644587610818,2.61825,0.0381218310000002,0.0382008169999998,1.19748951,0.0074573330520035,0.0080356091887701,3.075932193,0.0292853738415472,0.0275649702404798,302.54157445295016,5.066947871721127,5.07321113423695,2.58337,0.0305437463216553,0.0307808946783447,1.02832151,0.0058027621576204,0.0061638554867387,2.629293051,0.0195612388940196,0.0197429080550524,37.25686,2.9538517,XMMXCS J092018.6+370622.2
SDSSXCS-21,21,140.08869,30.504042,0.30510542,1075.1998349442017,19.1658602589907,19.1776017254148,6.19249,0.1189637770000002,0.1191598819999999,2.595205529,0.0138373926420181,0.0136626626387115,9.836916337,0.1136552108216708,0.1010156864180196,,,,,,,,,,,,,128.64941000000002,5.6737556,XMMXCS J092021.2+303014.5
SDSSXCS-23,23,140.21912,30.46765,0.2942456,746.5318801986044,23.67923087454952,23.808209572547064,3.20416,0.15577488,0.1569138040000002,0.666195448,0.0111075367667864,0.0108665180866927,1.845075263,0.0481898631839101,0.0498315372761966,349.44550909230577,7.956807977719622,9.93736656532156,3.44323,0.1238788087115478,0.1625701682884521,0.4400164243,0.0064064033521267,0.0060364338473736,1.255136378,0.0327581069057756,0.0293813701050633,38.690826,5.167868,XMMXCS J092052.5+302803.5
SDSSXCS-617,617,143.03773,29.083735,0.29994437,828.8788525875161,54.469290567732926,74.29058701463056,4.02627,0.448491277,0.6187903859999997,0.479113649,0.0174952909614411,0.017586499472028,1.46416244,0.0951276145584587,0.0954943529139045,413.91510912723766,31.801109525957788,34.48415256371736,4.65615,0.6387739451967773,0.6932460968032226,0.1919835869,0.0085346971845615,0.0083955036579032,0.6285207165,0.0556806245535871,0.049233098471648,92.20528,5.938926,XMMXCS J093209.0+290501.4
SDSSXCS-6245,6245,145.93562,16.739341,0.18503435,673.8509527339834,47.230846688422005,48.14836467043006,2.37526,0.286340676,0.292376816,0.1301236279,0.0055895952396341,0.0067505841281602,0.3236258874,0.0237651171630364,0.0235544791612619,276.1211979225895,11.053960360532969,19.79965983797952,2.07894,0.1304145717033691,0.2560596322966306,0.07351242237,0.002899032148459,0.0030049098011652,0.1754650053,0.0084935565505346,0.0088126229867051,35.91442,3.2383535,XMMXCS J094344.5+164421.6
SDSSXCS-21847,21847,146.37836,9.775783,0.23818891,572.1594879962931,27.940852203505955,28.244262797228163,1.86063,0.1435531299999999,0.1455726039999998,0.07956683131,0.0030827292307561,0.0033219128792038,0.1839634961,0.0100393111209536,0.0119773222875345,289.1089089904237,11.70968617597622,11.669891841340904,2.44737,0.1583270663376463,0.1576817376623536,0.04703269648,0.0011433984979589,0.0010902252931619,0.1181071443,0.0052525960201225,0.0047773304344844,24.854567000000003,2.7714293,XMMXCS J094530.8+094632.8
SDSSXCS-22748,22748,150.22343,15.675857,0.3122961,619.9470734693357,73.71036037616182,75.98320514048451,2.80557,0.529015163,0.5457696200000002,0.3962525277,0.0218812905167631,0.0268601986662591,1.043085844,0.1161614808517982,0.1224224556317246,280.2149610925719,18.687628412124848,19.02850547414039,2.32328,0.2728495010540772,0.278157987945923,0.2387276027,0.0108166137979987,0.0134095463047461,0.5895941278,0.0425051356957915,0.0446142879141936,20.827253,2.533284,XMMXCS J100053.6+154033.0
SDSSXCS-9,9,150.61494,20.51727,0.3236771,914.7152595891386,54.163020436283,55.90309538314302,4.79095,0.4858921089999999,0.5023537030000007,1.195968823,0.0392271485439852,0.0368408670115938,3.97054617,0.2372478297373326,0.2425106585485763,405.5352219894797,20.0886458637958,20.5433764005117,4.73048,0.408361204091797,0.4178600859082033,0.8117752467,0.0246128658231976,0.0227059539767957,2.678237838,0.1351680119355482,0.1345934278260645,151.36407,5.7609115,XMMXCS J100227.5+203102.1
SDSSXCS-8060,8060,151.92678999999995,38.012805,0.10499291,868.8894247785139,19.370749335478617,19.33916819513503,3.61234,0.103323424,0.1030109719999998,0.2201096972,0.0015610720216589,0.0015314451637077,0.6407783879,0.0107448547316414,0.0109198844003258,358.2320588855757,5.586579142514038,5.593278669417776,3.10635,0.0514345140683594,0.0516047279316405,0.1340676841,0.0007973024715184,0.0007015274980902,0.3667790889,0.0032904970615765,0.003378291282725,24.244368,1.9738064,XMMXCS J100742.4+380046.1
SDSSXCS-15984,15984,154.26426999999995,39.047269,0.2051836,1127.3514138985315,18.575387502702107,18.58472401919207,6.14769,0.091744974,0.0919194980000002,3.980664474,0.0156814972851746,0.0172659851088852,15.02925942,0.1341567544917588,0.1263923489391185,500.1897821730665,5.833766372510533,5.846816351047036,6.12654,0.0792084630209961,0.0796553069790038,3.226461628,0.0121022837441437,0.0132615551154939,12.15918768,0.0897774632485646,0.0801876619305534,31.79558,3.9185114,XMMXCS J101703.4+390250.1
SDSSXCS-75,75,154.39996000000005,59.563959,0.2890586,1246.4144478381645,63.5415824818546,85.65334266695112,8.25773,0.6833658710000003,0.9473527799999992,2.02032238,0.0398879590969794,0.0354681155017226,8.994634703,0.4289343637101126,0.4075784418181225,516.926055772691,24.21077486859138,22.936871859852456,7.2704,0.5715522963022464,0.5395909156977536,1.287243936,0.0209292186300644,0.0240332649115386,5.329256578,0.2262031258231678,0.2147908816938812,123.76782,4.942522,XMMXCS J101735.9+593350.2
SDSSXCS-667,667,155.91568,4.187584200000001,0.29173332,1022.649593525666,14.187656638596486,14.188020377817038,5.61789,0.0213568830000001,0.0213795789999995,12.49191863,0.013903578514288,0.014070471594648,44.99845684,0.0955405924925614,0.0972024961372568,,,,,,,,,,,,,73.53319,3.962966,XMMXCS J102339.7+041115.3
SDSSXCS-9258,9258,159.50506,41.77219,0.13306975,638.1248486152646,29.814812876468697,39.2289177015376,2.20351,0.1573206700000002,0.218629565,0.1016376039,0.0030601408833318,0.0037371559613738,0.2469795154,0.0117768129979027,0.013477332888422,304.7168517285588,12.763522845431815,12.827897551690455,2.33412,0.1602587281715086,0.161224077828491,0.06822600086,0.0016466854707988,0.00177884245585,0.1687482824,0.0060771868887513,0.0067722901132753,24.854567000000003,2.1371262,XMMXCS J103801.2+414619.8
SDSSXCS-1628,1628,160.18457,39.953088,0.1430842,887.8439047374912,13.45855875801628,13.46127088617204,3.82106,0.028675808,0.0287489339999997,3.197735773,0.0078599277881203,0.0083343945208564,9.541964038,0.0428231432472543,0.0398056657942724,390.9930463168557,4.120231609053464,4.12248232577926,3.74708,0.0234006706617431,0.0235137403382568,2.70142688,0.0060855999194497,0.0060651918702259,7.991139038,0.0272453822596112,0.0276883016450391,42.84018,2.5856922,XMMXCS J104044.2+395711.1
SDSSXCS-7405,7405,161.44015,4.340415599999999,0.15054649,792.2444936992645,27.63652253229569,27.67393639079467,3.20506,0.1723900770000002,0.172688876,0.3010211369,0.0049744637947315,0.0052148000924558,0.8337921572,0.0289471348182825,0.0272211612025592,333.95148840860264,9.97517004333967,10.075400520155084,2.87268,0.1341897168067625,0.1358956671932372,0.1564210098,0.0024448157139145,0.002248276361222,0.4153577405,0.0119221332312377,0.0117547956528944,27.127558,2.2205079,XMMXCS J104545.6+042025.4
SDSSXCS-47,47,161.85007,15.24336,0.20857787,855.3701175526056,20.605811840573224,20.68533458754147,3.84195,0.1289571560000002,0.1297426939999999,0.9325028251,0.009960398074418,0.0092570326062271,2.78941539,0.0564725474606153,0.0577332921558171,357.56439913327006,6.25655821308758,7.820261550454759,3.36755,0.0802357632402341,0.1121920877597655,0.559699699,0.005681874970187,0.0060147947778774,1.581828513,0.0254048865973608,0.0233614253385434,127.65784,5.3092155,XMMXCS J104724.0+151436.0
SDSSXCS-7416,7416,164.23042,6.976937,0.32314372,624.1266851647013,45.97370855312341,59.860065342130646,2.25171,0.2947455510000001,0.3899325939999998,0.1413864973,0.0075217873929975,0.0111010599817306,0.3458171472,0.0301821140127094,0.0354131486837746,268.3721928121848,13.899824710563804,14.60648093736661,2.33039,0.1990185735014646,0.2103806284985352,0.08024186989,0.0029723444425651,0.0029649061322094,0.19836246,0.0109661478187875,0.0099853851462098,35.47203,3.0817904,XMMXCS J105655.3+065836.9
SDSSXCS-2588,2588,165.489,22.661791,0.23068812,625.8672415281301,54.76587035383206,64.50657160277633,2.40107,0.3461030159999998,0.411018007,0.292103633,0.0181389381739425,0.0215633865601968,0.7289890643,0.0579729655502198,0.0627228770347699,,,,,,,,,,,,,50.482925,3.5330014,XMMXCS J110157.3+223942.4
SDSSXCS-298,298,168.22279,13.444519,0.17420112,1010.9710329568863,15.466710316524638,15.47031548140746,4.92737,0.0622996310000001,0.0623657629999998,1.990368297,0.0068493592898519,0.0069599628970968,6.701174987,0.0499818358505406,0.0474732750154434,454.4869978686556,4.5589873444411815,4.566315307067639,5.02626,0.0523419511394038,0.0525842198605959,1.383248636,0.0047790348919327,0.0048537901086433,4.704290387,0.0291797098507622,0.0265464733117903,78.33851,3.517416,XMMXCS J111253.4+132640.2
SDSSXCS-10897,10897,170.22943,43.305793,0.18501632,484.298012236756,29.40586942931209,51.29702791771799,1.36573,0.1285202700000001,0.2456239119999999,0.03798999352,0.0051513272085199,0.0077600842797931,0.08013286883,0.0132523120097349,0.0175275479286132,217.3762838678053,8.254810043856367,12.8863184739435,1.36694,0.0655700605148925,0.1287841754851073,0.01327792757,0.0013352660086071,0.0021625940967039,0.02801381346,0.0034319854337024,0.0048121032591082,23.603659,2.234775,XMMXCS J112055.0+431820.8
SDSSXCS-3746,3746,174.09881,7.2270701,0.11559857,887.3301491492427,34.00109436417994,64.18389494357311,4.15245,0.242756081,0.4868116450000004,0.2152626744,0.003294036530425,0.0037330608053467,0.667411393,0.0261014252992876,0.024006157260717,310.23320473351754,8.02623529064407,8.022250608636677,2.46007,0.0865459507906494,0.0864743812093506,0.09512090401,0.0012699870462302,0.0012859061708728,0.2392714441,0.0053838234948388,0.0053495917521895,32.482056,2.4331105,XMMXCS J113623.7+071337.4
SDSSXCS-189,189,175.60401000000005,58.526312,0.33503565,1222.6112970952393,48.10447020016938,47.98628302286243,8.00186,0.5056502270000003,0.5041460459999989,4.839867569,0.0766363205424847,0.0748231964621135,21.15184559,0.8127285782415647,0.808365270349686,523.6516507313785,18.202387695524152,18.45366603955084,7.53626,0.4352059450212406,0.44194953397876,3.332504892,0.0554565058718239,0.0541114593323723,14.07359019,0.4883977507337516,0.4488914783800855,105.88899,4.902218,XMMXCS J114224.9+583134.7
SDSSXCS-4245,4245,177.25939,22.414408,0.16742848,848.1383823526833,75.72176893987015,102.67248370182703,3.40921,0.5457902299999997,0.7449604819999998,0.2259633838,0.0110423557683309,0.0114101295865722,0.6418872889,0.0734106098940537,0.0626028185734053,325.44232673917475,18.601780833986343,18.80342770959081,3.00683,0.2814926610355224,0.2847250409644775,0.1271727163,0.0038260470222535,0.0040625864613385,0.3435550394,0.0186371432359101,0.0187797375096617,38.751846,2.803126,XMMXCS J114902.2+222451.8
SDSSXCS-408,408,178.82585,23.406762,0.13608177,1231.4145774128967,18.35818732723836,18.358034975044653,6.7463,0.0221939239999997,0.0221821870000002,3.93224891,0.0033444213229407,0.0033715502699469,15.63180462,0.0306819063613019,0.0304354914978404,,,,,,,,,,,,,82.25903000000001,3.9225247,XMMXCS J115518.2+232424.3
SDSSXCS-10401,10401,179.61596,26.495390000000004,0.14110902,609.7362606215976,22.255136464618428,21.93960861821628,1.97117,0.098679675,0.0963570079999998,0.2045456807,0.0052686914058983,0.0055339461693096,0.4805966682,0.0162062089776005,0.0186331172703724,272.26394996921675,8.272637713296454,8.19691390725932,1.96329,0.079163070119995,0.0778631518800048,0.1255711537,0.0027675267970661,0.0027464225237359,0.2947009337,0.0082735858805977,0.0084414040512428,24.793547,2.2973104,XMMXCS J115827.8+262943.4
SDSSXCS-58896,58896,180.92831,44.08517,0.33587107,446.23873979974496,26.574435216694614,62.818915665992506,1.37413,0.125800731,0.3333907899999999,0.08420938869,0.0183206524777842,0.0239607488762238,0.177900515,0.0430502984262301,0.057180440188945,216.6433965262568,18.814462643337112,29.699311574003005,1.57102,0.2334545431334838,0.3776664428665162,0.05342669592,0.0059914089886372,0.0072117746969681,0.1172806582,0.0176586585691329,0.0195984993803864,20.2018,2.8603756,XMMXCS J120342.7+440506.6
SDSSXCS-474,474,180.96914,1.7916884999999998,0.24152568,534.2939966287304,29.76412038581332,27.0201419532548,1.58292,0.1449016950000001,0.1278101539999998,0.07824784983,0.0059076886345951,0.0074118729497201,0.1721859774,0.0182405288458294,0.0179941234267426,262.1281359719655,17.605060729955312,33.994740489633465,2.00617,0.2291591164085693,0.4575184965914305,0.03122404423,0.0019473320425004,0.0021739100060046,0.07373780397,0.0058882407587863,0.0063522218012199,80.12334,4.115757,XMMXCS J120352.5+014730.0
SDSSXCS-7247,7247,181.16076,35.375998,0.1896899,340.5055838585081,22.65642213357827,22.38701682558442,0.769846,0.0701635365,0.0688345635999999,0.03221380745,0.0034712161166315,0.0035431053997437,0.05515174073,0.0067127869691953,0.0055316432675457,,,,,,,,,,,,,23.679934,2.2644103,XMMXCS J120438.5+352233.5
SDSSXCS-19467,19467,182.81342,39.196045,0.33760616,1038.444526563234,62.3154457972844,72.48748719970374,6.54718,0.6404218930000001,0.7516127209999999,0.9377961632,0.0253527561360894,0.0260187850959803,3.665420529,0.1751243274598377,0.1842530828897297,,,,,,,,,,,,,37.56196,5.767366,XMMXCS J121115.2+391145.7
SDSSXCS-455,455,184.90442,-3.3113652,0.303949,898.9227207207416,24.8583945823724,24.97373342481618,4.6629,0.1940851269999992,0.1952831880000003,2.328029519,0.0271817653782195,0.0272948060595106,7.626949049,0.1779154295457807,0.169700046558586,415.1293925732453,7.586945071668433,7.676496118443016,4.87319,0.1402212701474612,0.1422833358525395,1.762873151,0.0186820423134208,0.0169210022765031,5.902404185,0.1012992460808783,0.0967561841345485,87.781334,4.778909,XMMXCS J121937.0-031840.9
SDSSXCS-1174,1174,187.58269,16.277103,0.19740756,989.06889150895,100.07974588476569,167.5855798249351,4.986,0.8673731809999996,1.461180241,0.3520333027,0.0213157726394294,0.0203363307652498,1.19233113,0.1528142961592749,0.137205461552067,422.6005949284034,21.977192145802583,25.773110329544146,4.58603,0.4115886234086918,0.4844206725913089,0.2594020559,0.0072695659749449,0.0077783030231552,0.8430314207,0.0503044743106468,0.0476768427881244,50.421906,2.964098,XMMXCS J123019.8+161637.5
SDSSXCS-608,608,187.77237,15.940957999999998,0.18406145,703.8823680852005,46.74695612932945,49.76673683613621,2.38073,0.2832848009999997,0.3031421820000002,0.2084278256,0.0091096367364696,0.0111625559116256,0.518745769,0.0379336633620864,0.0425666136896263,349.8581896403342,21.83592334830561,24.53549803633649,3.16599,0.3441612672120362,0.3882765637879637,0.1473170066,0.0051482118955035,0.0053335863289316,0.4060568606,0.0260004778619874,0.0253742329418146,58.385002,2.9093542,XMMXCS J123105.3+155627.4
SDSSXCS-1645,1645,188.48142,15.435622,0.22812648,1029.2393393026075,23.42344802913294,23.451421470621995,5.16371,0.1718522370000004,0.1721628959999996,1.136355706,0.0121225794923773,0.011209763782396,3.918705018,0.0734386341696473,0.0855777524652987,448.49911744270094,7.376184486590865,7.437347321438506,5.16626,0.1301583906249996,0.1315853283750003,0.7382787055,0.0060265538703101,0.0067485995978092,2.546595835,0.038091629225998,0.039231709668849,51.352455,3.1802998,XMMXCS J123355.5+152608.2
SDSSXCS-225,225,188.5954,9.7885313,0.22960329,929.6790065336636,17.487938609532513,17.512931233946855,4.44849,0.1019055459999993,0.102213292,1.995568156,0.0129990849479122,0.0130315687962094,6.392186099,0.0846666262455624,0.0772973983078904,442.1779718520277,6.219599195652323,6.253127014108603,5.05739,0.1022404610126956,0.1030661899873051,1.06963896,0.0073695224910355,0.0073558760548089,3.649250351,0.0434209982891773,0.045274693494731,92.968025,4.224519,XMMXCS J123422.8+094718.7
SDSSXCS-9313,9313,189.07545,28.983881,0.2214931,828.8988668001388,26.26542826561013,26.379068165116337,3.62743,0.1790521859999998,0.1800472339999999,0.2859939627,0.0039960916563306,0.0037784382073175,0.8340742723,0.0211045725795858,0.0212518377273821,381.20855962221833,9.253835666609588,9.357283846858923,3.83125,0.1510734853162842,0.1530769176837156,0.1582667355,0.0019896343786699,0.0019345026982772,0.4728282015,0.0104257963104019,0.0109035867228049,29.171724,2.7222922,XMMXCS J123618.1+285901.9
SDSSXCS-286,286,189.24534,63.188315,0.31212524,1146.130647571404,40.27027736810869,39.67434620485699,7.0751,0.3927533670000001,0.3855772650000002,4.54106289,0.0484666102457538,0.0569781812723801,18.52578625,0.6040418476491212,0.5440056735139933,520.1051711506448,14.203384669377526,14.331026874937423,7.34414,0.3203718687954104,0.3238322302045899,3.338452349,0.0334548621856498,0.0378746874927293,13.89810488,0.3206981022123401,0.364556288356102,102.56341,4.8463364,XMMXCS J123658.8+631117.9
SDSSXCS-2347,2347,189.67042,9.4769605,0.22824667,836.2564749043244,33.968964848971495,34.21042027431516,3.97411,0.2551337569999998,0.2572247239999998,0.5233344702,0.0103432988385796,0.0099901387471642,1.589709067,0.0630286019699535,0.0607364046040903,425.10480413868174,13.064175628577262,13.237269560333406,4.75827,0.2467089208347168,0.2502279781652836,0.3779269412,0.0064141458583257,0.0051035313102948,1.250463989,0.034516376027188,0.0350439309482937,44.167366,2.9874723,XMMXCS J123840.9+092837.0
SDSSXCS-28269,28269,194.08956,25.768056,0.24395767,519.0943339406642,34.5640232642211,75.07691651989614,1.4654,0.1683148949999999,0.391158968,0.04429896153,0.0086185373555839,0.0114044094258623,0.09522099524,0.0198706614534712,0.0314187653741645,259.58347789080693,24.315030380590045,40.11316900866172,2.00394,0.3238141984382323,0.5421281585617677,0.03294698267,0.0032032429628312,0.0049002230160366,0.07778132998,0.0095687582727619,0.0134903887698382,21.559492,2.5047925,XMMXCS J125621.4+254605.0
SDSSXCS-6307,6307,195.66685,67.47805600000001,0.106321625,615.0524549266833,39.04586170814602,37.52097984980181,1.92088,0.201279132,0.1921763850000002,0.08878611209,0.0043374173981629,0.0053166851732387,0.2070797432,0.0159384344389064,0.0149745870247497,290.5091718165571,11.476945501204847,11.829707898723813,2.04598,0.1288282046540527,0.1339509483459471,0.04644275888,0.0016408634446794,0.001679697728366,0.1103166244,0.0047804972100184,0.0054043781758593,23.02397,1.685249,XMMXCS J130240.0+672841.0
SDSSXCS-241,241,195.99155,67.515354,0.22120395,882.7044137729106,22.414371652053404,28.36721726507993,3.37161,0.1397756669999998,0.1910148770000002,0.7442917958,0.01179385250428,0.0119404662520593,2.104544974,0.0488195413313174,0.0550564108960527,400.0915162674312,12.423128978078603,12.57257438613613,4.7381,0.2322790948798827,0.2353134031201174,0.4244497622,0.0063362891616612,0.0069464716089545,1.401456578,0.0396102475142317,0.0389098717482851,90.05433000000001,4.221745,XMMXCS J130357.9+673055.2
SDSSXCS-893,893,196.49692,26.513083,0.316266,1205.6318231587372,71.17528526724158,84.62012785676283,8.25083,0.788242308000001,0.9502198049999996,3.230770426,0.074475701400273,0.0770786677835047,14.37686909,0.7747427276212342,0.7404396082749916,519.586177365146,27.60529037171337,27.00256432486511,7.28151,0.6671540972512204,0.651923678748779,2.144165209,0.0499210697846836,0.046611969176908,8.884486809,0.4331969714658896,0.3990029454256323,70.26862,4.078387,XMMXCS J130559.2+263047.0
SDSSXCS-7432,7432,196.95654,29.430381,0.2615181,738.2224980763173,22.26372571356332,22.34969602925169,3.11999,0.1377266399999999,0.1384876379999999,0.7245482104,0.0100487655706384,0.0102424633178495,1.985604272,0.0453089215283255,0.0471822390446485,338.5064067539312,7.310197075615178,7.365120318341777,3.22335,0.1031478480651855,0.1042552159348142,0.5614268995,0.0067822234608236,0.0069300573029534,1.55862857,0.0297092004259726,0.0297413058696696,40.338364,4.0101438,XMMXCS J130749.5+292549.3
SDSSXCS-11613,11613,197.48658,32.372394,0.31576088,696.9762926668808,53.43416157168318,50.39170003534979,2.82255,0.380479352,0.3576211859999998,0.1617543438,0.006273148959857,0.0072515943899462,0.4267387578,0.0264499189828142,0.0267738645314826,294.3769052151985,11.46923628374189,13.846833433252558,2.64307,0.1692519265286867,0.2097771224713134,0.1040232597,0.003157182374694,0.0032602869322266,0.2680715444,0.0111131480667142,0.0098761998462374,26.395319,2.646696,XMMXCS J130956.7+322220.6
SDSSXCS-3,3,197.87444,-1.3401506,0.18239772,1353.1160605408331,23.429497002612862,23.43026662497444,8.27009,0.0608759299999999,0.0609103950000005,8.137899182,0.0156037813224418,0.0150067569674003,36.25745727,0.1661147574022266,0.155766933866559,,,,,,,,,,,,,164.71217,4.241623,XMMXCS J131129.8-012024.5
SDSSXCS-5939,5939,197.93809,22.035053,0.17044528,833.6198029246507,25.259568925537483,33.65833272009739,3.35781,0.158660872,0.2266526659999996,0.4283773861,0.0070486402923321,0.0071274568653971,1.209219102,0.0364474901982132,0.0329938069911315,360.12626647175614,8.982810871717453,9.066864803438971,3.28579,0.1290368605832519,0.1305721594167481,0.2945646507,0.0047781530345278,0.0042992025920125,0.8241347676,0.0183170223909511,0.0186205713403275,30.392122,2.6726713,XMMXCS J131145.1+220206.1
SDSSXCS-11881,11881,199.98092,33.314938,0.24046731,728.9991606975444,88.22655586383998,105.77258951688836,3.26456,0.651920514,0.7839286419999998,0.1825931106,0.0122977998599477,0.0121560859432511,0.5095202678,0.0594717225361181,0.0548313836576509,342.05840686191505,16.325719101945843,21.70818338216685,3.31578,0.2674220253927002,0.3604477106072998,0.1893529937,0.0060347718541998,0.0050459428000984,0.5317451139,0.0213422190677943,0.0253263635234106,34.83132,4.747418,XMMXCS J131955.4+331853.7
SDSSXCS-11394,11394,200.17352,33.178962,0.29215103,695.17761800203,40.28570945798354,40.87307283800945,2.91412,0.280883583,0.2853842589999997,0.2864032886,0.0098280659139844,0.0109264549102773,0.7645831011,0.0392545992126538,0.0354562774426693,364.04135273253627,21.778065823724468,23.00864090873553,3.6682,0.3897609720217283,0.4123961249782715,0.1308401708,0.005011239043312,0.0054974077669682,0.3834436146,0.0234806491066523,0.0198094319333071,35.71611,3.2004457,XMMXCS J132041.6+331044.2
SDSSXCS-907,907,200.71132,31.653187,0.32589027,1176.7611152924571,35.61927293151722,35.655568737464726,7.34556,0.3399067970000002,0.3403744509999997,4.565924735,0.046558497279685,0.0501854038873377,19.01031692,0.5018646760045762,0.4869403903842766,510.8659577052149,12.988864754358255,13.107583778598515,7.16805,0.2898354523168942,0.2930711046831051,3.293756509,0.0331024520850449,0.0369150071632127,13.53200743,0.3074892638747268,0.2715639611773284,88.37628000000001,5.120246,XMMXCS J132250.7+313911.4
SDSSXCS-14715,14715,201.28678,65.840952,0.18099065,452.31555440546674,20.39030663579573,19.199031767249497,1.21184,0.0692673859999999,0.061213532,0.05236876493,0.0035374330824216,0.0033884763976742,0.1042612002,0.0083552860262443,0.0074405114556733,212.83366676429168,7.380079502932917,7.153014224560332,1.30001,0.0489574858966064,0.0447431091033936,0.03319155127,0.0017745465617391,0.0020427877091262,0.06820815826,0.0039928728595097,0.0041707333480704,23.14601,2.1740084,XMMXCS J132508.8+655027.4
SDSSXCS-309,309,201.52008,12.387407,0.20602646,1018.5925541140608,33.32873646856464,33.48066820417116,5.15989,0.2705430529999999,0.2720310929999998,1.581049713,0.0243577774096479,0.0245384607400456,5.450099453,0.1726446180108496,0.1565219015543961,453.6769766563791,8.860608443019967,8.934469076090746,5.18036,0.1617264763930661,0.1633578686069334,1.256924527,0.0121921458978815,0.0139063094524307,4.341720896,0.0764171562232522,0.0765861131612188,79.19279,5.240415,XMMXCS J132604.8+122314.6
SDSSXCS-457,457,203.14098,50.413972,0.27532956,1073.4199408554696,28.227757899129944,28.154707537929085,6.05776,0.2365112529999997,0.2356523880000001,2.994709494,0.0286971609383313,0.0259051005318333,11.21797829,0.2558742939617282,0.2166444820268189,455.1624424641894,8.732200982130266,8.400770295680749,5.53686,0.1687489421662595,0.1608104848337399,1.809831549,0.0131333074278769,0.0119348778310359,6.471860496,0.1050007338230365,0.1029311584965375,51.855873,4.221696,XMMXCS J133233.8+502450.2
SDSSXCS-35,35,203.18417,50.545434,0.29092997,1206.6509803895897,25.022103156670784,25.0134319747371,7.559,0.1771896819999998,0.1770412459999999,4.062424213,0.0210967117082425,0.0206894559560169,17.18473879,0.2380123610329185,0.2269350055426748,519.9165896843069,8.124784895447926,8.142973294054556,7.12154,0.142314043580078,0.1429178564199222,2.823953875,0.0122015511092512,0.0139684427246562,11.56107031,0.1238066685360639,0.1240378412622593,152.87431,5.685121,XMMXCS J133244.2+503243.5
SDSSXCS-6,6,203.83155,41.001386,0.23174694,1197.2830739012948,25.58298053961994,25.598465522800574,7.04722,0.1858834009999999,0.186111179,4.951127221,0.0289231988090454,0.0304464688765699,20.15557131,0.2667690931945401,0.3098434609182909,544.1653169634913,9.742273889216092,9.782093042886084,7.35552,0.179576208575928,0.1807860324240726,3.36687092,0.0204449185566648,0.022159831698485,14.02775764,0.1882714474855813,0.1857449871784044,189.18115,5.613359,XMMXCS J133519.5+410004.9
SDSSXCS-176,176,204.2036,10.440014,0.15694562,758.5282030782445,26.61247669564632,26.682820483884985,3.13716,0.1632458920000004,0.1638103359999996,0.3035107084,0.0051019774371426,0.0052867111952012,0.8335649218,0.0251334125396828,0.0230372620237112,377.0113652388705,10.8227892056397,10.79088278131121,3.57261,0.1680046564282227,0.1674323275717775,0.2029602453,0.0029707075552931,0.0031602911333494,0.5880493562,0.0151550356798283,0.0152906513712441,82.68616999999999,3.7307456,XMMXCS J133648.8+102624.0
SDSSXCS-3672,3672,208.30907,11.587025,0.33591652,749.0231074436931,33.91154919368162,41.0724205868972,3.48096,0.2577064890000002,0.318668862,0.5883360833,0.0163713912961731,0.0181562430425634,1.68591098,0.0790729978855977,0.0778526471247162,353.52074415248114,13.295637388871288,13.607588740679631,3.72325,0.2401069032619629,0.2461569577380369,0.367012065,0.0086797031804388,0.0098826172091556,1.082622436,0.0417474084326729,0.0375266469372579,49.918488,3.82978,XMMXCS J135314.1+113513.2
SDSSXCS-43,43,210.25825,2.877328,0.25708973,1140.5955833429489,16.704009960336155,16.70413801171817,6.57519,0.0183012869999998,0.0183133849999999,13.97075982,0.0125629102182802,0.0114764171935206,54.73610165,0.0913616296329493,0.0874189553201461,,,,,,,,,,,,,134.2785,5.2059393,XMMXCS J140101.9+025238.3
SDSSXCS-32,32,213.60638,-0.37802375,0.13786592,746.3818920738753,57.93399955922075,66.16519143312279,3.10938,0.3907020749999996,0.448993239,0.1557357202,0.0054667256678654,0.0065134838419881,0.4262209924,0.0356722309175763,0.0333776258646216,307.99480704362503,12.225544676604647,12.268825619611768,2.49033,0.1579190378502195,0.15858942714978,0.07619159933,0.0017862460570358,0.0020183744424597,0.1924280024,0.0076425945268368,0.0075935323187493,105.12624,3.7574763,XMMXCS J141425.5-002240.8
SDSSXCS-16286,16286,213.89545,28.393476,0.23736377,573.695694579551,59.0987234605389,109.35234414403126,2.01431,0.348607992,0.65701842,0.1712401597,0.0143406065142509,0.0215589644445343,0.4048726478,0.045829133748072,0.0596128514065678,287.8598745047185,27.62941968453845,34.46897483013191,2.74474,0.4238264293078613,0.5313017496921386,0.1181040793,0.0059768920082216,0.0075198722300547,0.3084330958,0.0325410181152108,0.0301183146372122,21.467962,2.0316384,XMMXCS J141534.9+282336.5
SDSSXCS-5527,5527,214.11563,23.25654,0.13817659,884.7256007994315,18.35563010659584,18.39471779347061,3.75339,0.0977583499999998,0.0981715269999998,0.6228545064,0.0046218370149593,0.0051917828448652,1.843858102,0.0254984201956649,0.0262589971711117,379.5690674591412,6.073187537297737,6.107331501885136,3.52893,0.0745684898067629,0.0753182041932372,0.3857023055,0.0026013022187587,0.0028243059931906,1.111665763,0.011933870581414,0.013320520190722,31.719305,2.453162,XMMXCS J141627.7+231523.5
SDSSXCS-4313,4313,214.63388,25.184814000000006,0.31219503,916.079672280011,47.27023213723883,48.12550884756227,4.59162,0.4104456249999995,0.4184032310000001,0.2533708549,0.0061559691289905,0.0065231520072013,0.823917396,0.0420111606713644,0.0364209677807086,,,,,,,,,,,,,45.509804,3.6853917,XMMXCS J141832.1+251105.3
SDSSXCS-574,574,216.33945,63.195333,0.13845919,1022.522245971738,18.073780015996416,18.090975116629537,4.85967,0.097739185,0.0979628679999997,1.559373973,0.0080127804681173,0.00937174497628,5.213768988,0.0607458356016161,0.0604566424478685,456.2285307469709,5.605296632460866,5.62995634453551,4.87791,0.0796210871765135,0.0802398738234861,1.261000892,0.0071050489763455,0.0064860590628637,4.224064158,0.0412087231550275,0.0399769821190405,57.362915,2.835877,XMMXCS J142521.4+631143.1
SDSSXCS-65,65,216.50433,37.826953,0.17051592,1382.8811181033773,25.34865978170788,26.76459454046344,8.57562,0.0897911100000001,0.1296646429999999,7.039834511,0.0178309351909025,0.0173254278067016,32.0590667,0.2021158121126234,0.173208185546926,619.448154966256,9.7441398438161,9.745802340924586,8.76421,0.1119028533144526,0.1119912566855472,5.852041703,0.0133940517716775,0.0136022953239089,26.97727325,0.1916843158623713,0.1898508928957198,103.34141,4.010948,XMMXCS J142601.0+374937.0
SDSSXCS-165,165,217.61219,24.599226,0.13736627,804.8279916025748,40.30811012198054,39.77857435570777,2.88694,0.2552858050000002,0.2515260700000001,0.1461995513,0.0037237200533492,0.0042479754676399,0.3889265933,0.0189540952859648,0.0188696316335496,332.1582526161116,15.91922609404559,15.131889214859836,2.82623,0.2273573101333008,0.2150313908666992,0.08312207421,0.0020574053470389,0.0021110365335394,0.2193943301,0.0079840045575867,0.0096768992993035,78.32325,3.12556,XMMXCS J143026.9+243557.2
SDSSXCS-4003,4003,217.95843,13.533210999999998,0.1631074,832.7778552436893,20.963609631657967,20.060532845573448,3.48692,0.1224681439999999,0.1139638309999999,0.6619696214,0.0061411412721947,0.0058554360000181,1.898261755,0.0341198441557053,0.0332033025330456,386.070487702553,6.023010636429964,6.0533631579811,3.72261,0.0788288807956543,0.0795008572043456,0.4603816831,0.0031849298045668,0.0031915422830768,1.35793138,0.0167732167832483,0.0149601220429231,32.863426000000004,2.2285726,XMMXCS J143150.0+133159.5
SDSSXCS-2836,2836,220.58255,22.302753,0.1050965,842.0449819788956,15.341527755502964,22.333135031770624,3.38649,0.0555251429999996,0.1273776960000003,1.067771148,0.0067579677980817,0.0066336100181922,3.024749074,0.0289655154425485,0.029025894418865,371.5752189861165,5.096643201768494,5.108874234304773,3.30576,0.0433800127687988,0.0437340182312011,0.8398085853,0.0046175787047663,0.0047319462449446,2.355454536,0.0190234118869985,0.0192835567447344,30.758242,1.9528979,XMMXCS J144219.8+221809.9
SDSSXCS-210,210,223.05155,37.880589,0.2869105,702.5188461979881,53.83104219353442,65.047106698342,3.24156,0.4004931200000001,0.4879156559999997,0.5299668782,0.0214898591491164,0.0226423994428263,1.474621938,0.1069642820356919,0.0942639966970759,385.4919879084772,21.194894524438585,22.977061718379872,3.73461,0.380933967718994,0.4138783802810062,0.3844995489,0.0125498841914071,0.0129768885029704,1.135719714,0.0658066134917296,0.0613100089485885,101.9227,4.4848347,XMMXCS J145212.3+375250.1
SDSSXCS-2288,2288,224.3126,22.34233,0.26976523,913.4249019490792,13.595135026680635,13.604120393231607,4.5126,0.0469659900000003,0.0471632170000004,6.923833222,0.024822256127293,0.0260687167626736,22.32911886,0.1352845321148947,0.1318444975391699,408.0124803993157,3.9945658274411593,4.0034367934922965,4.54038,0.0413918430681148,0.041721412931885,6.083987011,0.0227617927483612,0.0194039341885927,19.67808947,0.1050567856446385,0.0991090977186601,54.92211999999999,3.5145602,XMMXCS J145715.0+222032.3
SDSSXCS-78,78,225.08192000000005,21.370712,0.15984783,1231.207542319812,23.387954221448084,23.38483333181696,6.99138,0.1388566820000001,0.1388049579999997,4.612494609,0.0188000930225147,0.0185613701181557,18.69691822,0.2147733141633452,0.2098766126193361,515.7853835677679,6.1395262500838,6.1509236785148085,6.27457,0.0808843272507324,0.0812758347492677,3.622462881,0.0147153052164243,0.0144223997480295,13.82875521,0.1018309434241473,0.1111776974497971,91.823906,3.5972903,XMMXCS J150019.6+212214.5
SDSSXCS-55,55,227.55039,33.516138,0.119237766,1237.5931434003808,20.055540130861225,20.05439436829299,6.69605,0.0799800089999998,0.0799538750000001,2.771535852,0.0091915124401031,0.0082295578755418,10.97061933,0.0762023833659792,0.0797708196335111,562.3073844650484,7.528663121001114,7.535083657093506,6.99963,0.1011931433652346,0.1014211616347653,1.991846544,0.0065483160504959,0.0060212774248946,8.078845075,0.0607467270746759,0.0656477904297592,99.80225,3.735475,XMMXCS J151012.0+333058.0
SDSSXCS-137,137,228.81739,4.3815383,0.10217465,860.8216162404744,18.029856339819528,18.046679517991507,3.56851,0.0888682229999999,0.0890457449999999,0.5143763463,0.0033917609186492,0.0031457708744095,1.489600339,0.020721325359174,0.0205526603999637,,,,,,,,,,,,,75.729904,2.898407,XMMXCS J151516.1+042253.5
SDSSXCS-123,123,229.07719,0.092336076,0.12058045,1017.251883809068,16.173458136089856,16.184970271920655,4.79816,0.0689692640000005,0.0691536739999998,1.531609589,0.0064316380327249,0.0059115362166375,5.088598227,0.045529766359242,0.046365295421765,461.708850070338,4.748265075970514,4.757646083830736,4.98814,0.0545505062011715,0.0548418737988285,1.053264777,0.0040350272579661,0.0039052338568188,3.568167566,0.0225738334532703,0.023799987865495,77.88086,3.7426925,XMMXCS J151618.5+000532.4
SDSSXCS-382,382,229.34049,-0.71535634,0.110840224,876.5210261972899,19.83677665445612,26.07478115875872,3.45692,0.106320524,0.1610337239999997,0.3080843741,0.0040835182107232,0.0039110012885524,0.8802640027,0.0239413454286062,0.0202240089032977,367.30362643326816,7.26286835020486,7.303328076732929,3.25902,0.0915552921031492,0.0923419078968503,0.1802210034,0.0020354922009488,0.0019138011252071,0.502555525,0.0083869568296994,0.0092432036202472,58.125664,2.954672,XMMXCS J151721.7-004255.2
SDSSXCS-2282,2282,232.97661,7.3648992,0.18616623,868.4248846483189,31.003390988183256,30.67460944876974,1.95525,0.161782375,0.1596495909999999,0.2907201805,0.0135722431191851,0.0135392648754153,0.681462205,0.0402138634751321,0.041219117326978,358.982696746335,22.421231333338007,37.39222908898766,3.32652,0.3621796031254884,0.6106450688745118,0.1468425211,0.0060241409128655,0.0063236609029728,0.4129101998,0.0260278006203311,0.0231054409401977,35.57881,2.668669,XMMXCS J153154.3+072153.6
SDSSXCS-5624,5624,233.76379,1.3429603,0.30530375,743.7064065776691,48.366646500470274,51.36976218806944,3.09056,0.3540552789999998,0.3774235190000001,0.8137667119,0.0404800358783763,0.0409310438979065,2.22183463,0.1471860540850933,0.1520695598987851,333.88289145108774,19.23255833442728,25.583103291099945,3.24075,0.3264811333865967,0.4383199616134035,0.4871260606,0.0262405663781049,0.0262034870414958,1.355285241,0.0844262401522684,0.0787891150707345,39.895973,3.2052886,XMMXCS J153503.3+012034.6
SDSSXCS-19,19,234.92088,34.420232,0.23384607,1221.7207223234564,31.42161837069064,31.370434412450287,7.23798,0.2639368700000002,0.2632684529999993,3.036710853,0.022850067216523,0.0226952372039015,12.54126467,0.2456831459901227,0.2661160327460514,524.6861432596468,8.74672669835555,11.27821958371024,6.84706,0.1585872125522458,0.2279035284477535,1.928056162,0.0148702488028289,0.0130784846533633,7.730432726,0.1190310669830179,0.1255767383163917,151.48611,5.1605844,XMMXCS J153941.0+342512.8
SDSSXCS-3312,3312,246.67607,42.671306,0.18710254,837.7433764154595,34.34013783960137,34.515779204450595,3.8462,0.248486218,0.2499553960000002,0.6189041571,0.0119033645791309,0.0111058010563162,1.852251893,0.0660047039884619,0.0645865907915759,393.6478725824412,10.25708559409247,10.3684395484471,3.94435,0.1692831371961669,0.1713921408038325,0.4741059764,0.0073185349902669,0.0070920492666058,1.435214368,0.0348232137161248,0.0335843612387494,41.284172,3.0851395,XMMXCS J162642.2+424016.7
SDSSXCS-575,575,249.90358,47.052785,0.22638986,855.3472821980862,31.368960562578007,31.472649465279662,3.92211,0.2309369540000001,0.2318411180000001,0.5887227176,0.0093743946125105,0.0099202054192614,1.777587195,0.0588090927150439,0.0610997439199392,366.9357168308392,10.714945110697736,10.85302312933428,3.6116,0.1742331671801755,0.176798816819824,0.3650152128,0.0056862980636842,0.0056291559279096,1.062530056,0.0280180218417969,0.0287440996359391,61.786858,3.4210892,XMMXCS J163936.8+470310.0
SDSSXCS-2,2,250.08451,46.70753,0.23276423,1503.9835678909683,34.28762030054864,34.26912482850546,10.4171,0.2060509699999997,0.2055895799999998,9.849582188,0.0372292010585955,0.0430392517093789,50.26318647,0.641588688210696,0.5716404944037023,644.5398211785335,12.420687998800242,12.425516804588955,9.9365,0.18620648164209,0.1864405843579106,7.457096086,0.0315840428084204,0.0309782370447972,36.9657068,0.4579809997083046,0.4040791349671195,199.53928,5.2998266,XMMXCS J164020.2+464227.1
SDSSXCS-30950,30950,251.92973,34.936056,0.24987537,556.3253487919281,36.51322610750375,42.455776316735225,1.80016,0.197355049,0.2340347519999999,0.07240269284,0.0037551754995341,0.0063850874223338,0.1659389168,0.0132917995927318,0.0159053005391225,239.4325097046649,9.242798687175842,21.548576139854543,1.72244,0.0962613853487548,0.2673064086512451,0.02111385666,0.0014514382465032,0.0022937944958418,0.04785043133,0.0040081094464126,0.005511876353924,21.559492,3.837598,XMMXCS J164743.1+345609.7
SDSSXCS-480,480,260.04102,26.62384,0.16536415,1153.8923053186911,16.862744229826706,16.8634903485319,6.15943,0.0405559850000001,0.0405835049999998,5.688822908,0.0092612130604736,0.0089611374658424,21.50026714,0.0893138364843402,0.0817385136783457,,,,,,,,,,,,,63.72424300000001,3.9654007,XMMXCS J172009.8+263725.8
SDSSXCS-14,14,260.61258,32.132799,0.22932445,1233.2242077052338,21.48051792241323,21.481878451966782,7.31417,0.104277787,0.104308639,6.314994882,0.0216724100538359,0.0218725629361156,26.22946194,0.197466401336225,0.2223247486560566,,,,,,,,,,,,,179.95189,7.0335517,XMMXCS J172227.0+320758.0
SDSSXCS-1137,1137,322.4157,0.088037139,0.24724136,1010.8330322905888,14.521792212760152,14.526670751476114,5.26495,0.0447521049999997,0.0448858780000005,6.51279444,0.018940776148109,0.0196464342006077,22.68831583,0.1140164139868744,0.1074989061619433,,,,,,,,,,,,,60.978348,4.1017714,XMMXCS J212939.7+000516.9
SDSSXCS-487,487,323.7992,-1.0494682,0.33391213,1103.195127557217,64.69033550418483,75.57186925117186,6.33108,0.656882671,0.7734182330000001,3.361278741,0.089638877407844,0.0898127216365893,12.89528606,0.8391105005999364,0.7474495806393531,517.0866837983322,25.224845834688256,26.48869996463741,7.36482,0.6156389545095218,0.6481583634904791,2.508845399,0.053043862752605,0.053457490406386,10.46070935,0.5599248182936254,0.5713852647584794,124.6221,9.576292,XMMXCS J213511.8-010258.0
SDSSXCS-155,155,323.82011,1.4333368,0.23449183,1337.0305860577655,31.27842789157082,40.520429169039225,8.49816,0.2391358219999997,0.3751936589999989,3.413933528,0.0231897154029767,0.0254172781395456,15.46301472,0.2608003483816006,0.2612557710149019,611.4566591435145,15.41602613648364,15.439240953515087,9.00272,0.3285925201503907,0.3293211118496089,2.294853305,0.0162854002558678,0.0166373780311506,10.73998633,0.2275828049862376,0.2333385161606411,108.51285,5.123765,XMMXCS J213516.8+012600.0
SDSSXCS-2032,2032,327.75454,-7.609313,0.28161383,853.7585377062584,15.759503482319904,15.81008500446216,4.04087,0.0848176509999998,0.085473984,2.748169425,0.0214601149724145,0.0221337620656263,8.41243606,0.106873158799333,0.1126087816405192,382.478522661761,5.029956191871247,5.06924054968326,4.09244,0.0693010313264164,0.0703175876735837,2.357392661,0.0174992280721149,0.017840502118132,7.259043396,0.0794704609206427,0.0675912861108978,59.63591,4.6716833,XMMXCS J215101.0-073633.5
SDSSXCS-10223,10223,327.85131,-5.4499955,0.14016679,746.0394332785246,26.73910513689816,36.74225025040013,2.59194,0.1482462090000003,0.2192198099999998,0.0772835791,0.0016438559101275,0.0018318911733806,0.1978257105,0.0072998383839767,0.0079733548462903,314.96142466056966,9.466347681434362,9.448550039605166,2.53589,0.1153152383864744,0.1150174196135251,0.04083821722,0.0007664847613202,0.00073811222898,0.1037639597,0.0030056908997105,0.0031080750221413,20.04925,1.9597924,XMMXCS J215124.3-052659.9
SDSSXCS-29,29,328.40419,17.696373,0.25057757,1456.2403076789876,32.46240789025474,32.46251938897091,10.0552,0.1947029359999987,0.194705690000001,12.35226168,0.0595603847312418,0.0528999374031649,61.6792744,0.7207865064134396,0.7694694664515183,650.9402472161391,12.730409811942096,12.742128880207018,10.3174,0.1832558886376958,0.1838785013623045,9.99167014,0.0419087009954228,0.0459703456747231,50.68852986,0.5800799742689122,0.5523274045296276,145.84177,6.2302814,XMMXCS J215337.0+174146.9
SDSSXCS-110,110,336.52107,17.372292,0.11359597,1172.5938180147475,17.804953627670972,17.803948596577133,6.11769,0.0581898889999994,0.0581641520000006,1.682411202,0.0040404259115673,0.003663945417458,6.335217616,0.0368800479340176,0.0383634525800973,522.181696715773,5.211758059494595,5.21298464817239,6.16163,0.0420294946560062,0.0420941933439937,1.380101891,0.0026413678337513,0.0024522436950926,5.216869855,0.0217614044709089,0.0228142651576535,74.28068499999999,2.668307,XMMXCS J222605.0+172220.2
SDSSXCS-913,913,339.91421,-5.7241442000000005,0.25858846,699.2471135342083,34.356121570224346,46.01461536924291,2.78849,0.2255220159999997,0.3119831049999999,0.4427409656,0.015607253705237,0.0169247871899322,1.162872676,0.0734359953462622,0.0746342463997962,301.01725883345256,10.529657118151986,16.950278376846793,2.64329,0.1470699788771972,0.2527501101228027,0.3086543813,0.00833837730976,0.0086289145490965,0.7954388496,0.0328497194452919,0.0271099989709028,62.152977,3.974105,XMMXCS J223939.4-054326.9
SDSSXCS-62,62,340.47773,17.53801,0.32349214,1048.6416484799986,34.123095563553385,34.280595223051456,5.88994,0.3118392999999999,0.3135864919999998,3.724162754,0.0538750605584956,0.0522430486051583,13.74527389,0.4130293539687883,0.4153955791454766,489.13489432412285,12.409468190630315,19.809571558914467,6.75344,0.2728259792592773,0.4603891547407226,2.52915816,0.0343935331096592,0.0384676526185758,10.0607752,0.2826438940457692,0.2418960302318389,126.30015,5.016507,XMMXCS J224154.6+173216.8
SDSSXCS-236,236,344.22031,5.5028535000000005,0.17545685,1058.8012474480718,21.84844133085592,29.788728217782875,5.34604,0.146636119,0.2324962039999993,1.041398925,0.0091562151245148,0.0091422013658402,3.65729018,0.0635398753348641,0.0595400289511394,469.3307124241697,7.605901037201621,8.132539921605165,5.32005,0.1311760427258299,0.1432483532741697,0.647796786,0.0059071708857534,0.0052297151262139,2.269125849,0.0361785939750385,0.0377600812135607,69.82623000000001,3.2471755,XMMXCS J225652.8+053010.2
SDSSXCS-765,765,344.53239,20.912112,0.31272802,782.2488153564045,46.55506937525451,58.35470436698623,3.33741,0.3530971850000002,0.4480868329999996,0.3540875988,0.0144043922026837,0.0157388411277427,0.9970052717,0.0654054031785074,0.0631729486304102,364.3727606620911,19.7512155628747,20.4041731307701,3.88583,0.3659712135371094,0.3784488904628906,0.2256772716,0.0076398262538994,0.0080456299784952,0.6785324559,0.0405260598377551,0.0348700939489835,31.91762,3.4891534,XMMXCS J225807.7+205443.6
SDSSXCS-51,51,347.09113,-2.1909588,0.3080613,1249.279499807949,38.08015995454594,38.14359521705719,8.08365,0.3661773380000008,0.3670404049999991,3.850301491,0.0430890446307712,0.0451399542719812,16.92728376,0.4962260021903333,0.4557642859663815,564.9324592252765,14.017407739329933,15.546685472085857,8.40587,0.3107111586220696,0.3570415003779299,3.047748473,0.0308280548104256,0.0367266226447107,13.71459363,0.3345625452113161,0.2943343212244897,137.75664,5.25023,XMMXCS J230821.8-021127.4
SDSSXCS-41,41,347.8862,3.6333151,0.3047284,1197.8974793208995,24.435476819943265,24.433274592755613,7.49006,0.1724914889999995,0.1724533920000004,4.982587443,0.0257306813305904,0.0256857612242722,20.96966535,0.2728965399266556,0.2780575549209096,533.4295843665763,8.288328440966747,8.306154961997548,7.57418,0.1375404701901859,0.1382091358098147,3.729906745,0.0192118500183893,0.0173074182295653,15.79601361,0.1784431772142927,0.1612958682754754,166.20715,6.2375617,XMMXCS J231132.6+033759.9
SDSSXCS-34,34,347.95361,3.6796591,0.30071348,814.707213032374,27.738639793033,28.032542232697445,3.72212,0.2047028939999999,0.2073530580000002,0.966977543,0.0176143195008683,0.0155479073117982,2.852003688,0.0918390267966002,0.0960604408195049,351.97663598401084,10.910751409986798,11.045687324497171,3.62459,0.1866365790439452,0.1892315229560548,0.4670323323,0.008642076255502,0.0080538499819912,1.36159331,0.040309630830305,0.0445568621708765,20.033995,3.873894,XMMXCS J231148.8+034046.7
SDSSXCS-11154,11154,349.59,18.734,0.16006234,894.8513823865371,19.96999051013223,20.02705261832579,3.9391,0.1185673239999998,0.1191441910000001,1.658585854,0.0155333553623837,0.0151925699894934,5.017773235,0.0961221006218018,0.0849901641785004,393.4422230855757,6.346783182468237,6.391852018406807,3.84545,0.0878044784689939,0.0887718765310059,1.097264886,0.0083906857061615,0.0093919215364968,3.283570681,0.0426529017236947,0.0458997515214996,29.064940000000004,2.978542,XMMXCS J231821.6+184353.2
SDSSXCS-2092,2092,350.35308,19.754217,0.3282012,781.3253503868947,32.93283549355228,33.42095620670247,3.74304,0.255891144,0.2602241929999995,0.8804749032,0.0214602332518032,0.0195186400647378,2.603301703,0.1058308379947634,0.0979499964203594,353.7804630069638,11.395564794775266,11.630927072174444,3.78056,0.2035351176320801,0.2081698673679199,0.5787206805,0.0121068815639681,0.012321102565408,1.718688707,0.0576763247754417,0.0539495672371899,57.317154,3.9977226,XMMXCS J232124.7+194515.1
SDSSXCS-17923,17923,350.47041,19.893604,0.31494313,488.75468852522727,61.66896830610176,85.82515730131486,1.81283,0.3642006679999998,0.512404874,0.101044895,0.009222423703736,0.0178506379481191,0.2320055117,0.0238311830331847,0.0395430549486389,,,,,,,,,,,,,29.431059,3.1095688,XMMXCS J232152.8+195336.9
SDSSXCS-68,68,354.41088,0.27070502,0.30057013,1181.4831822840215,29.206860945295222,29.24708572004729,7.27391,0.2487672849999995,0.249326763,5.297173379,0.0433357075960003,0.0419150265668299,21.93645833,0.4034028882700688,0.4358858747177727,536.1888723553735,11.12887033960078,11.205777045519714,7.63673,0.2293257470917966,0.2316538579082028,3.917174265,0.0305539324070656,0.033842020658088,16.66605245,0.297637802031403,0.3211961848989233,126.33066,4.8868876,XMMXCS J233738.6+001614.5
SDSSXCS-147,147,355.31937,-9.0246778,0.25935042,1143.058429489604,23.680648420923248,25.0806621156712,6.7023,0.1700134360000005,0.1900223489999994,2.38147683,0.0157173778039854,0.0164998691079136,9.432166381,0.1474070323549696,0.1405037187829627,495.21816271612687,7.465018939546407,7.498319586050065,6.32265,0.1319056847495119,0.1328606242504886,1.748868142,0.0111512210611364,0.0115050130134173,6.704430487,0.0841908945987732,0.0788150910014131,104.470276,4.512718,XMMXCS J234116.6-090128.8
SDSSXCS-314,314,355.92402,0.30868,0.26497057,1010.9479020133032,22.631025728817136,28.13369932626836,5.34161,0.1684487360000002,0.2297327339999997,1.42909026,0.0137433331794398,0.0149819848553029,5.016658285,0.0917380972369938,0.0930264326419942,460.921263845077,12.300437354444366,11.9470197526423,5.56457,0.2499011781037596,0.24193081289624,0.6857005856,0.0075805658306465,0.0079926490691191,2.458187151,0.0635560924855394,0.0552971818305598,78.58259,4.482442,XMMXCS J234341.7+001831.2
