PLCKESZ,z,M500,E_M500,e_M500,Mg500,E_Mg500,e_Mg500,kT,E_kT,e_kT,kTexc,E_kTexc,e_kTexc,LX,E_LX,e_LX,LXexc,E_LXexc,e_LXexc,Lbol,E_Lbol,e_Lbol,Lbolexc,E_Lbolexc,e_Lbolexc,NT,fT,Nsb,fsb,Simbad,NED
G000.44-41.83,0.165,5.01,0.55,0.48,6.61,0.36,0.33,5.85,0.32,0.32,5.82,0.43,0.43,3.79,0.25,0.25,2.88,0.13,0.13,8.36,0.78,0.78,6.36,0.47,0.47,6,1.0,20,1.21,Simbad,NED
G002.74-56.18,0.141,4.96,0.43,0.28,5.63,0.21,0.14,5.36,0.12,0.12,5.39,0.18,0.18,4.47,0.16,0.16,2.71,0.07,0.07,9.96,0.49,0.49,6.03,0.23,0.23,10,0.94,49,1.08,Simbad,NED
G003.90-59.41,0.151,6.94,0.19,0.19,8.65,0.08,0.08,7.06,0.13,0.13,6.46,0.14,0.14,7.13,0.24,0.24,4.61,0.17,0.17,18.06,0.67,0.67,11.62,0.43,0.43,10,0.98,63,1.08,Simbad,NED
G006.70-35.54,0.089,2.42,0.04,0.03,4.27,0.05,0.08,4.72,0.08,0.08,4.62,0.09,0.09,2.44,0.09,0.09,2.08,0.08,0.08,4.67,0.25,0.25,3.98,0.21,0.21,15,1.14,45,1.18,Simbad,NED
G006.78+30.46,0.203,17.56,0.28,0.27,32.0,0.24,0.22,14.37,0.12,0.12,15.01,0.16,0.16,23.84,0.36,0.36,16.55,0.13,0.13,86.79,1.74,1.74,60.27,0.84,0.84,19,1.26,171,1.62,Simbad,NED
G008.44-56.35,0.149,3.61,0.08,0.07,4.64,0.05,0.04,5.12,0.08,0.08,4.91,0.1,0.1,3.47,0.12,0.12,2.31,0.08,0.08,6.78,0.34,0.34,4.54,0.22,0.22,8,1.1,41,1.24,Simbad,NED
G008.93-81.23,0.307,10.39,0.24,0.23,15.64,0.13,0.13,8.78,0.09,0.09,8.43,0.1,0.1,13.12,0.31,0.31,9.72,0.17,0.17,36.54,1.21,1.21,27.09,0.7,0.7,8,0.97,78,1.03,Simbad,NED
G021.09+33.25,0.151,6.88,0.2,0.18,10.45,0.32,0.35,6.25,0.14,0.14,8.77,0.31,0.31,16.07,0.18,0.18,6.84,0.1,0.1,38.83,0.55,0.55,16.51,0.25,0.25,10,1.21,86,1.24,Simbad,NED
G036.72+14.92,0.152,5.21,0.32,0.29,8.16,0.29,0.28,7.44,0.66,0.66,6.89,1.02,1.02,5.97,0.27,0.27,4.0,0.17,0.17,15.59,1.11,1.11,10.43,0.71,0.71,3,0.51,9,0.87,Simbad,NED
G039.85-39.98,0.176,3.77,0.47,0.17,5.32,0.36,0.17,5.89,0.14,0.14,5.82,0.16,0.16,2.91,0.12,0.12,2.02,0.1,0.1,6.54,0.32,0.32,5.69,0.28,0.28,7,1.22,71,1.43,Simbad,NED
G042.82+56.61,0.072,4.65,0.15,0.13,6.01,0.08,0.07,4.83,0.07,0.07,4.79,0.09,0.09,3.18,0.08,0.08,2.24,0.05,0.05,6.74,0.22,0.22,4.74,0.14,0.14,15,0.74,42,0.88,Simbad,NED
G046.08+27.18,0.389,6.26,0.61,0.48,9.9,0.35,0.3,5.93,0.3,0.3,5.65,0.29,0.29,7.51,0.41,0.41,6.26,0.28,0.28,17.12,1.47,1.47,14.28,1.1,1.1,3,1.08,15,1.17,Simbad,NED
G046.50-49.43,0.085,6.05,0.28,0.26,6.24,0.09,0.08,5.59,0.12,0.12,5.21,0.14,0.14,3.34,0.12,0.12,2.28,0.07,0.07,7.95,0.39,0.39,5.43,0.23,0.23,15,0.67,58,0.75,Simbad,NED
G049.20+30.86,0.164,5.86,0.16,0.16,6.51,0.07,0.07,5.47,0.08,0.08,6.28,0.17,0.17,8.7,0.18,0.18,3.83,0.06,0.06,22.46,0.74,0.74,9.89,0.29,0.29,8,0.99,24,0.99,Simbad,NED
G049.33+44.38,0.097,3.84,0.46,0.38,3.85,0.18,0.17,4.9,0.17,0.17,4.8,0.23,0.23,1.68,0.08,0.08,1.22,0.04,0.04,3.6,0.23,0.23,2.63,0.13,0.13,8,0.61,26,0.82,Simbad,NED
G049.66-49.50,0.098,4.81,0.21,0.19,4.41,0.08,0.08,4.64,0.08,0.08,4.81,0.14,0.14,3.44,0.12,0.12,1.74,0.05,0.05,7.26,0.33,0.33,3.67,0.15,0.15,10,0.68,36,0.68,Simbad,NED
G053.52+59.54,0.113,5.87,0.2,0.15,7.03,0.1,0.08,6.58,0.14,0.14,6.31,0.16,0.16,4.08,0.11,0.11,3.08,0.04,0.04,9.74,0.4,0.4,7.33,0.2,0.2,5,0.81,38,0.96,Simbad,NED
G055.60+31.86,0.224,6.54,0.18,0.15,9.41,0.12,0.1,7.39,0.11,0.11,7.3,0.14,0.14,10.06,0.3,0.3,5.34,0.21,0.21,25.87,0.85,0.85,13.65,0.56,0.56,9,1.03,53,1.1,Simbad,NED
G055.97-34.88,0.124,5.41,0.45,0.37,3.44,0.09,0.09,6.25,0.37,0.37,5.5,0.37,0.37,2.11,0.08,0.08,1.54,0.07,0.07,5.47,0.32,0.32,4.01,0.22,0.22,7,0.42,18,0.51,Simbad,NED
G056.81+36.31,0.095,3.98,0.08,0.07,5.12,0.04,0.04,4.98,0.05,0.05,4.83,0.07,0.07,4.34,0.12,0.12,2.35,0.06,0.06,9.3,0.31,0.31,5.05,0.17,0.17,15,1.01,99,1.1,Simbad,NED
G056.96-55.07,0.447,9.62,0.25,0.25,15.23,0.14,0.14,7.63,0.12,0.12,7.58,0.13,0.13,14.61,0.39,0.39,11.98,0.3,0.3,38.36,1.5,1.5,31.48,1.16,1.16,5,0.91,48,0.94,Simbad,NED
G057.26-45.35,0.397,13.17,0.64,0.65,18.61,0.29,0.28,10.39,0.33,0.33,9.99,0.44,0.44,25.32,0.73,0.73,12.75,0.27,0.27,82.81,4.14,4.14,41.7,1.75,1.75,5,0.91,32,1.0,Simbad,NED
G058.28+18.59,0.065,3.72,0.06,0.07,4.54,0.2,0.05,5.01,0.04,0.04,4.87,0.05,0.05,2.01,0.04,0.04,1.66,0.02,0.02,4.03,0.11,0.11,3.31,0.08,0.08,19,1.01,65,1.07,Simbad,NED
G062.42-46.41,0.091,3.26,0.39,0.15,2.87,0.13,0.12,4.25,0.08,0.08,4.28,0.12,0.12,1.42,0.05,0.05,1.15,0.04,0.04,2.65,0.13,0.13,2.14,0.1,0.1,8,0.41,30,0.56,Simbad,NED
G067.23+67.46,0.171,8.11,0.17,0.18,10.44,0.08,0.12,8.16,0.13,0.13,7.65,0.17,0.17,10.96,0.16,0.16,6.9,0.27,0.27,30.38,0.63,0.63,19.11,0.55,0.55,14,1.03,71,1.08,Simbad,NED
G071.61+29.79,0.157,4.24,0.76,0.59,5.32,0.51,0.43,4.88,0.36,0.36,4.93,0.42,0.42,2.44,0.15,0.15,2.2,0.12,0.12,4.58,0.39,0.39,4.13,0.32,0.32,4,0.95,15,1.05,Simbad,NED
G072.63+41.46,0.228,10.71,0.42,0.39,16.51,0.26,0.25,8.95,0.25,0.25,8.91,0.3,0.3,14.61,0.5,0.5,10.44,0.29,0.29,45.16,2.48,2.48,32.3,1.58,1.58,9,0.97,45,0.97,Simbad,NED
G072.80-18.72,0.143,5.33,0.17,0.12,8.25,0.11,0.08,5.93,0.09,0.09,5.99,0.12,0.12,5.69,0.19,0.19,3.99,0.13,0.13,13.32,0.59,0.59,9.35,0.38,0.38,12,0.93,45,0.93,Simbad,NED
G073.96-27.82,0.233,11.41,0.45,0.38,17.19,0.28,0.24,9.53,0.24,0.24,10.67,0.47,0.47,16.85,0.36,0.36,10.0,0.2,0.2,55.79,1.8,1.8,33.26,0.9,0.9,9,0.94,17,1.01,Simbad,NED
G080.38-33.20,0.107,3.66,0.07,0.06,3.83,0.03,0.03,5.41,0.07,0.07,4.82,0.08,0.08,2.19,0.04,0.04,1.46,0.02,0.02,4.87,0.12,0.12,3.26,0.06,0.06,12,0.97,99,1.15,Simbad,NED
G080.99-50.90,0.3,6.62,0.32,0.23,9.55,0.2,0.17,7.15,0.25,0.25,6.92,0.24,0.24,8.49,0.42,0.42,5.55,0.19,0.19,23.28,1.6,1.6,15.18,0.62,0.62,6,0.94,20,1.19,Simbad,NED
G083.28-31.03,0.412,7.68,0.47,0.38,12.48,0.3,0.25,7.24,0.31,0.31,7.02,0.34,0.34,11.78,0.4,0.4,8.31,0.17,0.17,30.61,1.9,1.9,21.26,0.83,0.83,6,1.17,19,1.5,Simbad,NED
G085.99+26.71,0.179,3.31,0.68,0.57,3.97,0.47,0.41,4.57,0.26,0.26,4.51,0.29,0.29,1.82,0.14,0.14,1.63,0.12,0.12,3.69,0.41,0.41,3.31,0.35,0.35,4,0.66,13,1.18,Simbad,NED
G086.45+15.29,0.26,5.74,0.33,0.25,9.3,0.21,0.18,7.14,0.29,0.29,6.82,0.38,0.38,11.38,0.41,0.41,6.45,0.1,0.1,27.51,1.4,1.4,17.61,0.42,0.42,7,1.1,22,1.16,Simbad,NED
G092.73+73.46,0.228,6.18,0.32,0.28,10.72,0.29,0.26,7.13,0.19,0.19,7.09,0.21,0.21,7.74,0.31,0.31,5.72,0.15,0.15,19.0,1.08,1.08,10.9,0.41,0.41,9,1.17,27,1.26,Simbad,NED
G093.91+34.90,0.081,4.68,0.71,0.5,5.49,0.44,0.33,5.36,0.81,0.81,5.31,0.21,0.21,3.43,0.24,0.24,2.86,0.19,0.19,7.57,0.66,0.66,5.46,0.36,0.36,7,0.85,44,1.07,Simbad,NED
G096.87+24.21,0.3,5.47,2.4,1.39,6.28,1.08,0.89,5.05,0.54,0.54,4.99,0.6,0.6,3.04,0.32,0.32,2.65,0.23,0.23,6.8,0.97,0.97,5.94,0.74,0.74,2,0.63,17,0.95,Simbad,NED
G097.73+38.11,0.171,4.21,0.21,0.2,6.87,0.17,0.16,6.38,0.11,0.11,6.07,0.14,0.14,5.24,0.13,0.13,3.77,0.05,0.05,12.26,0.43,0.43,8.84,0.19,0.19,9,1.0,18,1.07,Simbad,NED
G098.95+24.86,0.093,3.25,0.35,0.15,2.99,0.14,0.07,4.97,0.2,0.2,4.94,0.28,0.28,1.28,0.06,0.06,0.86,0.03,0.03,2.77,0.19,0.19,1.87,0.11,0.11,8,0.72,22,0.74,Simbad,NED
G106.73-83.22,0.292,5.18,0.36,0.29,8.31,0.26,0.22,6.7,0.25,0.25,6.53,0.28,0.28,8.28,0.3,0.3,5.68,0.1,0.1,18.64,1.27,1.27,12.8,0.5,0.5,4,0.51,14,0.78,Simbad,NED
G107.11+65.31,0.292,7.26,0.75,0.67,6.94,0.3,0.28,6.64,0.49,0.49,6.78,0.69,0.69,10.02,0.56,0.56,9.03,0.42,0.42,27.55,3.06,3.06,24.83,2.38,2.38,6,0.8,25,1.0,Simbad,NED
G113.82+44.35,0.225,3.87,0.32,0.21,5.7,0.28,0.22,5.29,0.3,0.3,5.43,0.34,0.34,3.73,0.22,0.22,3.14,0.14,0.14,7.95,0.68,0.68,6.68,0.45,0.45,4,0.64,19,0.89,Simbad,NED
G124.21-36.48,0.197,5.81,0.57,0.62,7.81,0.29,0.33,4.78,0.11,0.11,5.81,0.16,0.16,3.89,0.14,0.14,2.42,0.06,0.06,7.91,0.34,0.34,4.94,0.16,0.16,9,0.81,23,1.23,Simbad,NED
G125.70+53.85,0.302,6.78,0.69,0.65,9.64,0.43,0.43,6.84,0.44,0.44,6.99,0.58,0.58,6.94,0.39,0.39,4.93,0.14,0.14,18.07,1.81,1.81,12.02,0.7,0.7,5,0.96,14,1.15,Simbad,NED
G139.19+56.35,0.322,7.42,5.68,1.68,10.23,1.42,0.8,6.1,0.57,0.57,6.32,0.69,0.69,6.47,0.56,0.56,5.45,0.38,0.38,16.18,1.83,1.83,13.66,1.07,1.07,4,0.39,15,0.63,Simbad,NED
G149.73+34.69,0.182,7.12,0.71,0.63,11.68,0.57,0.55,7.39,0.42,0.42,7.15,0.51,0.51,8.46,0.36,0.36,5.96,0.15,0.15,22.1,1.79,1.79,15.61,0.81,0.81,6,0.59,11,0.72,Simbad,NED
G157.43+30.33,0.45,6.23,0.52,0.42,9.64,0.35,0.31,7.54,0.58,0.58,7.06,0.59,0.59,8.01,0.27,0.27,6.15,0.23,0.23,21.05,1.57,1.57,16.26,1.14,1.14,3,1.0,13,1.13,Simbad,NED
G159.85-73.47,0.206,6.73,0.64,0.7,9.88,0.41,0.47,5.89,0.57,0.57,5.82,0.83,0.83,6.86,0.27,0.27,4.8,0.11,0.11,16.15,0.9,0.9,11.29,0.37,0.37,10,1.09,34,1.09,Simbad,NED
G164.18-38.89,0.074,5.07,0.45,0.22,6.3,0.28,0.15,6.52,0.15,0.15,6.5,0.18,0.18,4.16,0.19,0.19,3.3,0.13,0.13,8.83,0.47,0.47,7.01,0.34,0.34,13,0.7,66,1.01,Simbad,NED
G166.13+43.39,0.217,6.86,0.48,0.41,8.68,0.22,0.19,6.56,0.21,0.21,6.3,0.29,0.29,6.83,0.22,0.22,4.18,0.11,0.11,16.37,0.51,0.51,10.02,0.37,0.37,6,0.76,15,0.83,Simbad,NED
G167.65+17.64,0.174,5.88,0.4,0.3,9.25,0.26,0.21,6.28,0.2,0.2,6.02,0.23,0.23,6.41,0.25,0.25,4.74,0.11,0.11,13.84,0.76,0.76,10.24,0.36,0.36,11,0.77,29,0.97,Simbad,NED
G171.94-40.65,0.27,12.33,3.45,2.12,15.02,0.96,0.75,9.79,0.45,0.45,9.37,0.49,0.49,11.21,0.36,0.36,7.32,0.18,0.18,32.74,2.28,2.28,21.47,0.26,0.26,4,0.34,11,0.54,Simbad,NED
G180.24+21.04,0.546,12.58,0.53,0.68,23.47,0.36,0.5,10.12,0.25,0.25,9.96,0.27,0.27,23.81,0.78,0.78,17.95,0.47,0.47,72.74,3.61,3.61,54.55,2.36,2.36,5,0.95,33,1.58,Simbad,NED
G182.44-28.29,0.088,6.93,0.17,0.18,9.58,0.11,0.2,7.53,0.12,0.12,7.13,0.32,0.32,12.18,0.11,0.11,4.69,0.01,0.01,33.55,0.44,0.44,12.89,0.08,0.08,26,0.99,65,1.1,Simbad,NED
G182.63+55.82,0.206,4.77,0.26,0.16,6.88,0.15,0.1,5.71,0.11,0.11,5.54,0.15,0.15,6.06,0.2,0.2,3.18,0.07,0.07,13.9,0.65,0.65,7.28,0.25,0.25,8,0.97,40,1.34,Simbad,NED
G186.39+37.25,0.282,9.28,1.19,0.89,12.49,0.61,0.52,8.77,1.4,1.4,7.38,1.58,1.58,11.61,0.6,0.6,8.27,0.5,0.5,30.83,2.56,2.56,22.24,1.51,1.51,1,0.57,4,0.84,Simbad,NED
G195.62+44.05,0.295,5.82,0.72,0.49,8.77,0.49,0.36,5.26,0.13,0.13,5.26,0.15,0.15,4.82,0.21,0.21,4.1,0.15,0.15,10.3,0.58,0.58,8.77,0.43,0.43,6,0.97,32,1.06,Simbad,NED
G195.77-24.30,0.203,6.67,0.32,0.22,11.14,0.24,0.16,6.8,0.18,0.18,6.84,0.21,0.21,6.95,0.24,0.24,5.84,0.19,0.19,17.45,1.03,1.03,14.67,0.81,0.81,12,1.03,47,1.26,Simbad,NED
G218.85+35.50,0.175,3.86,0.45,0.41,4.3,0.2,0.19,4.48,0.31,0.31,4.17,0.54,0.54,3.05,0.17,0.17,1.72,0.06,0.06,6.52,0.46,0.46,3.68,0.18,0.18,5,0.44,26,1.14,Simbad,NED
G225.92-19.99,0.46,11.07,3.23,4.48,21.96,2.86,5.42,7.01,0.33,0.33,7.46,0.42,0.42,22.54,1.69,1.69,16.54,1.24,1.24,56.88,5.5,5.5,41.61,3.16,3.16,4,0.9,34,1.07,Simbad,NED
G226.17-21.91,0.099,4.61,0.32,0.23,5.1,0.11,0.09,4.85,0.11,0.11,4.65,0.14,0.14,3.31,0.12,0.12,2.38,0.07,0.07,6.95,0.34,0.34,4.99,0.2,0.2,14,0.94,46,0.99,Simbad,NED
G226.24+76.76,0.143,6.28,0.12,0.09,8.34,0.06,0.05,7.03,0.06,0.06,6.89,0.08,0.08,6.83,0.1,0.1,3.26,0.02,0.02,17.63,0.35,0.35,8.4,0.07,0.07,10,1.11,58,1.31,Simbad,NED
G228.15+75.19,0.545,7.94,0.96,0.6,13.54,0.78,0.57,9.46,0.69,0.69,9.2,0.78,0.78,15.35,0.78,0.78,9.64,0.42,0.42,43.85,3.43,3.43,34.24,1.67,1.67,3,1.07,17,1.16,Simbad,NED
G228.49+53.12,0.143,5.16,0.35,0.42,5.87,0.17,0.21,5.29,0.17,0.17,5.54,0.37,0.37,4.76,0.16,0.16,1.93,0.03,0.03,10.23,0.46,0.46,4.16,0.11,0.11,7,0.94,29,1.26,Simbad,NED
G229.21-17.24,0.171,5.26,1.84,1.19,6.56,0.84,0.68,5.72,0.28,0.28,5.65,0.35,0.35,2.9,0.17,0.17,2.33,0.06,0.06,6.39,0.52,0.52,5.14,0.26,0.26,8,0.75,20,0.81,Simbad,NED
G229.94+15.29,0.07,7.01,0.25,0.26,8.51,0.12,0.13,6.94,0.15,0.15,6.79,0.28,0.28,5.62,0.09,0.09,2.8,0.02,0.02,14.67,0.35,0.35,7.3,0.11,0.11,17,1.17,163,1.43,Simbad,NED
G236.95-26.67,0.148,5.91,0.32,0.33,6.96,0.14,0.14,5.79,0.13,0.13,5.57,0.17,0.17,3.96,0.14,0.14,2.42,0.05,0.05,9.2,0.43,0.43,5.61,0.2,0.2,10,0.83,52,0.79,Simbad,NED
G241.74-30.88,0.271,5.8,0.42,0.33,7.59,0.25,0.22,6.98,0.35,0.35,6.75,0.52,0.52,8.14,0.28,0.28,4.62,0.11,0.11,19.94,1.15,1.15,11.32,0.52,0.52,4,0.91,15,1.03,Simbad,NED
G241.77-24.00,0.139,3.29,0.06,0.06,3.95,0.04,0.04,4.55,0.06,0.06,4.93,0.12,0.12,4.74,0.14,0.14,2.1,0.07,0.07,9.89,0.32,0.32,4.43,0.15,0.15,9,0.84,48,1.01,Simbad,NED
G241.97+14.85,0.169,4.13,0.64,0.38,7.1,0.69,0.45,6.12,0.1,0.1,6.23,0.11,0.11,4.88,0.33,0.33,3.08,0.18,0.18,10.54,0.82,0.82,6.66,0.47,0.47,14,1.15,33,1.51,Simbad,NED
G244.34-32.13,0.284,6.94,0.54,0.5,11.46,0.39,0.38,7.02,0.29,0.29,7.25,0.41,0.41,10.3,0.39,0.39,6.93,0.21,0.21,24.97,1.74,1.74,16.9,1.06,1.06,5,0.9,11,0.94,Simbad,NED
G244.69+32.49,0.153,3.7,0.31,0.19,5.04,0.17,0.12,5.2,0.26,0.26,5.01,0.29,0.29,3.18,0.13,0.13,2.39,0.08,0.08,6.54,0.46,0.46,4.91,0.3,0.3,5,0.63,11,0.7,Simbad,NED
G247.17-23.32,0.152,3.17,0.54,0.35,4.16,0.37,0.26,4.45,0.24,0.24,4.65,0.38,0.38,2.49,0.14,0.14,1.81,0.08,0.08,4.84,0.4,0.4,3.51,0.25,0.25,7,1.01,17,1.01,Simbad,NED
G249.87-39.86,0.165,2.86,0.56,0.4,4.02,0.36,0.28,3.97,0.22,0.22,3.91,0.33,0.33,2.33,0.1,0.1,1.51,0.04,0.04,3.91,0.24,0.24,2.53,0.1,0.1,5,0.51,15,0.84,Simbad,NED
G250.90-36.25,0.2,5.36,0.51,0.36,6.74,0.27,0.2,5.98,0.23,0.23,5.97,0.36,0.36,4.91,0.18,0.18,2.93,0.08,0.08,11.18,0.66,0.66,6.67,0.31,0.31,6,0.83,21,0.83,Simbad,NED
G252.96-56.05,0.075,3.58,0.04,0.05,3.9,0.03,0.03,4.1,0.03,0.03,4.37,0.08,0.08,3.85,0.04,0.04,1.49,0.01,0.01,7.42,0.1,0.1,2.88,0.01,0.01,15,0.6,133,0.77,Simbad,NED
G253.47-33.72,0.191,4.52,0.44,0.48,5.71,0.3,0.33,5.96,0.38,0.38,5.76,0.52,0.52,3.56,0.18,0.18,2.48,0.11,0.11,8.59,0.7,0.7,5.98,0.43,0.43,6,1.0,16,1.07,Simbad,NED
G256.45-65.71,0.22,5.42,0.89,0.76,7.18,0.57,0.54,4.94,0.19,0.19,5.73,0.33,0.33,5.74,0.25,0.25,3.63,0.12,0.12,11.96,0.72,0.72,7.54,0.38,0.38,7,1.01,22,1.17,Simbad,NED
G257.34-22.18,0.203,3.19,0.88,0.51,4.51,0.82,0.51,1.67,1.34,1.34,1.4,1.33,1.33,2.76,0.34,0.34,2.43,0.31,0.31,6.09,1.06,1.06,5.37,0.94,0.94,2,0.35,11,0.82,Simbad,NED
G260.03-63.44,0.284,7.15,0.73,0.73,10.03,0.33,0.29,6.43,0.18,0.18,6.76,0.28,0.28,12.55,0.26,0.26,7.6,0.01,0.01,28.88,1.13,1.13,17.53,0.26,0.26,5,0.72,22,1.17,Simbad,NED
G262.25-35.36,0.295,6.59,0.9,0.7,10.8,0.78,0.67,7.9,0.19,0.19,7.86,0.2,0.2,6.94,0.37,0.37,5.89,0.28,0.28,17.22,1.6,1.6,14.66,1.26,1.26,5,0.68,12,0.95,Simbad,NED
G262.71-40.91,0.42,9.16,2.11,1.59,12.29,0.78,0.69,9.33,0.39,0.39,10.08,0.68,0.68,12.84,0.44,0.44,6.69,0.16,0.16,36.85,2.32,2.32,19.17,0.1,0.1,3,0.44,12,0.75,Simbad,NED
G263.16-23.41,0.227,7.07,0.35,0.28,11.22,0.22,0.18,7.18,0.16,0.16,7.43,0.26,0.26,10.55,0.34,0.34,5.49,0.12,0.12,27.27,1.28,1.28,14.18,0.54,0.54,8,0.97,45,1.06,Simbad,NED
G263.66-22.53,0.164,8.59,0.65,0.45,10.52,0.29,0.21,7.1,0.18,0.18,7.22,0.28,0.28,6.55,0.23,0.23,4.08,0.11,0.11,16.83,0.88,0.88,10.48,0.47,0.47,10,1.05,34,1.12,Simbad,NED
G266.03-21.25,0.296,12.56,0.34,0.34,21.79,0.22,0.23,10.57,0.26,0.26,10.66,0.34,0.34,21.79,0.68,0.68,15.16,0.38,0.38,65.46,2.9,2.9,45.55,1.78,1.78,10,1.03,59,1.32,Simbad,NED
G269.31-49.87,0.085,2.65,0.41,0.23,3.19,0.26,0.16,4.82,0.25,0.25,4.93,0.39,0.39,1.62,0.08,0.08,1.07,0.03,0.03,3.34,0.25,0.25,2.2,0.14,0.14,7,0.73,34,0.83,Simbad,NED
G271.19-30.96,0.37,8.38,0.68,0.53,12.8,0.49,0.52,8.22,0.24,0.24,8.8,0.46,0.46,19.29,0.67,0.67,8.19,0.03,0.03,52.15,3.21,3.21,22.16,0.49,0.49,3,0.37,17,0.54,Simbad,NED
G271.50-56.55,0.3,8.07,2.11,1.51,9.79,0.75,0.61,7.1,0.71,0.71,7.02,0.91,0.91,8.44,0.62,0.62,5.18,0.35,0.35,24.85,1.97,1.97,16.3,1.21,1.21,4,0.57,36,0.83,Simbad,NED
G272.10-40.15,0.059,6.11,0.09,0.08,7.79,0.05,0.05,6.35,0.04,0.04,6.1,0.04,0.04,5.02,0.08,0.08,4.01,0.06,0.06,12.62,0.29,0.29,10.1,0.21,0.21,33,0.89,372,0.95,Simbad,NED
G277.75-51.73,0.44,8.96,0.73,0.59,14.49,0.54,0.47,7.8,0.23,0.23,7.74,0.25,0.25,9.41,0.38,0.38,8.2,0.29,0.29,25.18,1.51,1.51,21.96,1.21,1.21,6,1.01,25,1.35,Simbad,NED
G278.60+39.17,0.307,9.37,0.87,0.81,13.38,0.56,0.55,8.02,0.35,0.35,7.98,0.46,0.46,10.53,0.38,0.38,7.5,0.26,0.26,26.14,1.23,1.23,18.64,0.8,0.8,6,0.93,17,1.04,Simbad,NED
G280.19+47.81,0.156,6.53,1.7,1.09,7.44,0.61,0.47,6.99,0.26,0.26,6.94,0.32,0.32,3.13,0.16,0.16,2.5,0.06,0.06,7.48,0.55,0.55,5.99,0.27,0.27,8,0.66,22,0.89,Simbad,NED
G282.49+65.17,0.077,5.25,0.22,0.2,6.64,0.11,0.1,5.54,0.14,0.14,5.41,0.18,0.18,2.97,0.05,0.05,2.19,0.02,0.02,6.82,0.18,0.18,5.02,0.11,0.11,16,1.05,141,1.12,Simbad,NED
G283.16-22.93,0.45,7.34,1.14,0.97,10.53,0.65,0.61,7.32,0.36,0.36,7.52,0.49,0.49,9.94,0.39,0.39,6.47,0.27,0.27,26.47,1.3,1.3,17.22,0.77,0.77,3,0.99,9,1.02,Simbad,NED
G284.46+52.43,0.441,10.63,0.55,0.48,16.94,0.34,0.31,9.48,0.14,0.14,9.83,0.21,0.21,20.29,0.43,0.43,12.07,0.38,0.38,63.47,1.53,1.53,37.68,1.1,1.1,7,0.98,59,1.51,Simbad,NED
G284.99-23.70,0.39,10.1,1.57,1.23,14.88,0.83,0.7,7.53,0.53,0.53,7.61,0.78,0.78,17.51,0.83,0.83,9.85,0.22,0.22,41.13,2.89,2.89,23.17,1.06,1.06,3,0.36,16,0.62,Simbad,NED
G285.63-17.24,0.35,6.59,1.0,1.17,8.2,0.57,0.78,5.78,0.63,0.63,5.74,0.68,0.68,3.98,0.4,0.4,3.35,0.3,0.3,7.8,1.09,1.09,6.56,0.85,0.85,1,0.86,14,0.86,Simbad,NED
G286.58-31.25,0.21,5.52,0.45,0.26,7.18,0.24,0.15,5.88,0.15,0.15,5.87,0.19,0.19,4.08,0.13,0.13,3.07,0.08,0.08,9.28,0.44,0.44,7.0,0.29,0.29,7,1.01,30,1.21,Simbad,NED
G286.99+32.91,0.39,12.2,0.76,0.7,22.08,0.62,0.57,10.62,0.69,0.69,10.47,0.73,0.73,19.86,0.77,0.77,15.63,0.53,0.53,62.75,4.77,4.77,49.38,3.45,3.45,5,1.03,12,1.09,Simbad,NED
G288.61-37.65,0.127,4.0,0.7,0.48,7.35,0.67,0.5,3.09,0.93,0.93,2.38,1.1,1.1,5.26,0.32,0.32,3.6,0.19,0.19,12.77,1.0,1.0,8.75,0.61,0.61,5,1.03,33,1.06,Simbad,NED
G292.51+21.98,0.3,8.03,0.49,0.44,11.39,0.29,0.27,7.53,0.88,0.88,7.22,0.5,0.5,6.41,0.36,0.36,5.65,0.3,0.3,15.97,1.25,1.25,14.08,1.06,1.06,6,0.69,33,1.05,Simbad,NED
G294.66-37.02,0.274,7.2,0.59,0.39,9.88,0.36,0.26,7.88,0.3,0.3,7.8,0.39,0.39,8.05,0.44,0.44,5.93,0.28,0.28,22.32,2.01,2.01,16.46,1.37,1.37,4,0.97,14,1.09,Simbad,NED
G304.67-31.66,0.193,4.16,1.1,0.79,5.38,0.76,0.61,5.15,0.69,0.69,5.22,0.96,0.96,2.41,0.46,0.46,2.15,0.43,0.43,4.54,1.07,1.07,4.02,1.0,1.0,2,0.67,5,0.9,Simbad,NED
G304.84-41.42,0.41,8.28,0.64,0.6,11.41,0.38,0.35,9.47,1.31,1.31,8.73,1.22,1.22,10.21,0.26,0.26,7.14,0.35,0.35,23.76,1.16,1.16,16.56,0.91,0.91,2,0.95,6,0.95,Simbad,NED
G306.68+61.06,0.085,3.93,0.13,0.31,5.03,0.07,0.17,5.0,0.1,0.1,4.78,0.15,0.15,3.93,0.07,0.07,2.32,0.01,0.01,8.36,0.19,0.19,4.93,0.05,0.05,22,1.02,144,1.02,Simbad,NED
G306.80+58.60,0.085,4.6,0.26,0.16,5.82,0.14,0.09,5.64,0.11,0.11,5.58,0.15,0.15,4.46,0.07,0.07,2.61,0.04,0.04,10.62,0.22,0.22,6.23,0.1,0.1,17,0.98,72,1.04,Simbad,NED
G308.32-20.23,0.48,8.61,1.22,0.98,10.52,0.57,0.48,8.95,0.84,0.84,7.4,0.7,0.7,17.31,1.14,1.14,10.39,0.43,0.43,67.99,7.98,7.98,40.9,3.79,3.79,3,0.66,21,0.66,Simbad,NED
G313.36+61.11,0.183,7.87,0.1,0.09,10.53,0.07,0.06,8.6,0.08,0.08,8.26,0.11,0.11,12.82,0.13,0.13,5.47,0.14,0.14,37.61,0.68,0.68,16.14,0.13,0.13,9,0.98,80,1.01,Simbad,NED
G313.87-17.10,0.153,8.24,0.25,0.23,10.78,0.13,0.13,8.43,0.15,0.15,8.15,0.24,0.24,11.1,0.33,0.33,5.57,0.15,0.15,31.84,1.6,1.6,15.91,0.77,0.77,11,0.91,61,0.91,Simbad,NED
G318.13-29.57,0.217,5.59,0.64,0.57,7.43,0.4,0.38,5.96,0.66,0.66,5.17,0.93,0.93,7.39,0.56,0.56,4.4,0.29,0.29,22.1,3.07,3.07,13.15,1.67,1.67,2,0.83,4,1.11,Simbad,NED
G321.96-47.97,0.094,3.95,0.29,0.23,4.83,0.17,0.14,4.6,0.11,0.11,4.43,0.14,0.14,3.1,0.09,0.09,2.33,0.05,0.05,6.51,0.23,0.23,4.91,0.15,0.15,19,0.84,52,1.12,Simbad,NED
G324.49-44.97,0.095,3.09,0.4,0.19,3.47,0.2,0.1,4.08,0.12,0.12,4.16,0.18,0.18,1.85,0.08,0.08,1.26,0.04,0.04,3.46,0.2,0.2,2.36,0.11,0.11,10,0.99,37,1.08,Simbad,NED
G332.23-46.36,0.098,5.09,0.15,0.1,7.06,0.08,0.06,6.13,0.09,0.09,5.95,0.12,0.12,4.71,0.11,0.11,3.09,0.06,0.06,11.37,0.34,0.34,7.48,0.2,0.2,17,1.04,102,1.08,Simbad,NED
G332.88-19.28,0.147,6.22,0.38,0.33,7.74,0.21,0.19,6.02,0.77,0.77,5.48,1.09,1.09,4.55,0.19,0.19,3.09,0.11,0.11,11.06,0.82,0.82,7.51,0.5,0.5,6,0.47,13,0.58,Simbad,NED
G335.59-46.46,0.076,3.53,0.74,0.56,4.61,0.54,0.44,4.17,1.2,1.2,3.95,1.36,1.36,4.19,0.32,0.32,3.53,0.25,0.25,10.13,0.94,0.94,8.55,0.75,0.75,22,0.92,23,0.92,Simbad,NED
G336.59-55.44,0.097,3.78,0.71,0.52,4.88,0.46,0.36,4.69,0.24,0.24,4.48,0.26,0.26,2.53,0.1,0.1,2.04,0.05,0.05,5.36,0.26,0.26,4.32,0.15,0.15,20,1.05,23,1.19,Simbad,NED
G337.09-25.97,0.26,5.75,0.5,0.41,8.94,0.34,0.3,5.67,0.22,0.22,5.86,0.36,0.36,6.57,0.25,0.25,3.61,0.06,0.06,14.33,0.8,0.8,7.87,0.28,0.28,5,0.56,21,1.16,Simbad,NED
G342.31-34.90,0.232,6.85,0.74,0.62,9.49,0.45,0.4,6.48,1.07,1.07,6.35,1.33,1.33,4.64,0.44,0.44,3.64,0.35,0.35,13.17,2.16,2.16,10.34,1.71,1.71,2,0.59,13,0.92,Simbad,NED
G347.18-27.35,0.237,8.24,0.63,0.73,11.07,0.43,0.5,8.31,0.4,0.4,8.16,0.51,0.51,5.63,0.31,0.31,4.56,0.19,0.19,15.15,1.21,1.21,12.25,0.81,0.81,8,0.96,24,1.21,Simbad,NED
G349.46-59.94,0.347,13.59,0.68,0.65,22.38,0.44,0.42,10.3,0.22,0.22,10.6,0.31,0.31,27.09,0.38,0.38,13.37,0.03,0.03,86.74,2.35,2.35,42.79,0.39,0.39,7,1.0,47,1.14,Simbad,NED
